18891230,法律|政令,明治二十二年法律第三十四号,明治二十二年法律第三十四号（決闘罪ニ関スル件）
18900107,法律|政令,明治二十三年法律第一号,保管金規則
18950405,法律|政令,明治二十八年法律第二十八号,通貨及証券模造取締法
18960221,法律|政令,明治二十九年法律第五号,国債証券買入銷却法
18960427,法律|政令,明治二十九年法律第八十九号,民法
18970330,法律|政令,明治三十年法律第二十九号,砂防法
18980621,法律|政令,明治三十一年法律第十一号,民法施行法　抄
18980621,法律|政令,明治三十一年法律第十四号,外国法人の登記及び夫婦財産契約の登記に関する法律
18990208,法律|政令,明治三十二年法律第十五号,供託法
18990308,法律|政令,明治三十二年法律第四十号,明治三十二年法律第四十号（失火ノ責任ニ関スル法律）
18990308,法律|政令,明治三十二年法律第四十六号,船舶法
18990309,法律|政令,明治三十二年法律第四十八号,商法
18990309,法律|政令,明治三十二年法律第四十九号,商法施行法
18990310,法律|政令,明治三十二年法律第五十号,明治三十二年法律第五十号（外国人ノ署名捺印及無資力証明ニ関スル法律）
18990328,法律|政令,明治三十二年法律第九十三号,行旅病人及行旅死亡人取扱法
18990329,法律|政令,明治三十二年法律第九十五号,水難救護法
18990420,法律|政令,明治三十二年法律第百一号,明治三十二年法律第百一号（国債ヲ外国ニ於テ募集スル場合ニ関スル法律）
19000307,法律|政令,明治三十三年法律第三十三号,未成年者喫煙禁止法
19000316,法律|政令,明治三十三年法律第六十五号,鉄道営業法
19000327,法律|政令,明治三十三年法律第七十二号,明治三十三年法律第七十二号（地上権ニ関スル法律）
19020227,法律|政令,明治三十五年法律第十一号,明治三十五年法律第十一号（警察署内ノ留置場ニ拘禁又ハ留置セラルル者ノ費用ニ関スル法律）
19021202,法律|政令,明治三十五年法律第五十号,明治三十五年法律第五十号（年齢計算ニ関スル法律）
19040401,法律|政令,明治三十七年法律第十七号,明治三十七年法律第十七号（記名ノ国債ヲ目的トスル質権ノ設定ニ関スル法律）
19050313,法律|政令,明治三十八年法律第五十二号,担保付社債信託法
19050313,法律|政令,明治三十八年法律第五十三号,鉄道抵当法
19050313,法律|政令,明治三十八年法律第五十四号,工場抵当法
19050313,法律|政令,明治三十八年法律第五十五号,鉱業抵当法
19050313,法律|政令,明治三十八年法律第六十三号,外国裁判所ノ嘱託ニ因ル共助法
19050320,法律|政令,明治三十八年法律第六十六号,明治三十八年法律第六十六号（外国ニ於テ流通スル貨幣紙幣銀行券証券偽造変造及模造ニ関スル法律）
19060411,法律|政令,明治三十九年法律第三十四号,明治三十九年法律第三十四号（国債ニ関スル法律）
19060508,法律|政令,明治三十九年法律第五十一号,紙幣類似証券取締法
19070424,法律|政令,明治四十年法律第四十五号,刑法
19080328,法律|政令,明治四十一年法律第二十九号,刑法施行法　抄
19080413,法律|政令,明治四十一年法律第五十号,水害予防組合法
19080414,法律|政令,明治四十一年法律第五十三号,公証人法
19080415,法律|政令,明治四十一年法律第五十七号,北海道国有未開地処分法
19090322,法律|政令,明治四十二年法律第八号,明治四十二年法律第八号（登録国債ノ担保充用ニ関スル法律）
19090322,法律|政令,明治四十二年法律第九号,明治四十二年法律第九号（政府ニ対スル保証金其ノ他ノ担保ニ供シタル国債ノ買入銷却ニ関スル法律）
19090405,法律|政令,明治四十二年法律第二十二号,明治四十二年法律第二十二号（立木ニ関スル法律）
19090413,法律|政令,明治四十二年法律第二十八号,明治四十二年法律第二十八号（軌道ノ抵当ニ関スル法律）
19090428,法律|政令,明治四十二年法律第三十九号,印紙犯罪処罰法　抄
19100415,法律|政令,明治四十三年法律第五十四号,関税定率法
19100416,法律|政令,明治四十三年法律第五十六号,明治四十三年法律第五十六号（立木ノ先取特権ニ関スル法律）
19120422,法律|政令,明治四十五年法律第二十一号,臘虎膃肭獣猟獲取締法
19130409,法律|政令,大正二年法律第十六号,運河法
19140404,法律|政令,大正三年法律第三十七号,大正三年法律第三十七号（公共団体ノ管理スル公共用土地物件ノ使用ニ関スル法律）
19150621,法律|政令,大正四年法律第十三号,大正四年法律第十三号（日本学士院学術研究奨励金委任経理ニ関スル法律）
19150621,法律|政令,大正四年法律第十八号,大正四年法律第十八号（法人ノ役員処罰ニ関スル法律）
19160307,法律|政令,大正五年法律第十号,大正五年法律第十号（証券ヲ以テスル歳入納付ニ関スル法律）
19160307,法律|政令,大正五年法律第二十号,海底電信線保護万国連合条約罰則
19210409,法律|政令,大正十年法律第五十七号,公有水面埋立法
19210414,法律|政令,大正十年法律第七十六号,軌道法
19210518,法律|政令,大正十年法律第百二号,大正十年法律第百二号（定年ニ因ル退職判事検察官ノ恩給ニ関スル法律）
19220330,法律|政令,大正十一年法律第二十号,未成年者飲酒禁止法
19220421,法律|政令,大正十一年法律第六十二号,公益信託ニ関スル法律
19220422,法律|政令,大正十一年法律第七十号,健康保険法
19230414,法律|政令,大正十二年法律第四十八号,恩給法
19230418,法律|政令,大正十二年法律第五十号,陪審法
19250328,法律|政令,大正十四年法律第九号,漁業財団抵当法
19250401,法律|政令,大正十四年法律第四十二号,外国人土地法
19260410,法律|政令,大正十五年法律第六十号,大正十五年法律第六十号（暴力行為等処罰ニ関スル法律）
19260424,法律|政令,大正十五年法律第六十二号,民事訴訟法中改正法律施行法
19270509,法律|政令,昭和二年法律第五十五号,日本銀行特別融通及損失補償法
19300522,法律|政令,昭和五年法律第九号,昭和五年法律第九号（盗犯等ノ防止及処分ニ関スル法律）
19310328,法律|政令,昭和六年法律第八号,昭和六年法律第八号（特別会計ノ恩給負担金ヲ一般会計ニ繰入ルルコトニ関スル法律）
19310328,法律|政令,昭和六年法律第九号,昭和六年法律第九号（特別会計ニ於ケル営繕費ニ関スル法律）
19310330,法律|政令,昭和六年法律第十五号,抵当証券法
19310401,法律|政令,昭和六年法律第四十二号,無尽業法
19320701,法律|政令,昭和七年法律第十六号,昭和七年法律第十六号（国債ノ価額計算ニ関スル法律）
19320715,法律|政令,昭和七年法律第二十号,手形法
19330315,法律|政令,昭和八年法律第十一号,船舶安全法
19330329,法律|政令,昭和八年法律第二十一号,農村負債整理組合法
19330329,法律|政令,昭和八年法律第三十号,農業動産信用法
19330401,法律|政令,昭和八年法律第四十二号,昭和八年法律第四十二号（身元保証ニ関スル法律）
19330729,法律|政令,昭和八年法律第五十七号,小切手法
19370331,法律|政令,昭和十二年法律第二十五号,森林保険法
19380402,法律|政令,昭和十三年法律第七十一号,陸上交通事業調整法
19390406,法律|政令,昭和十四年法律第七十三号,船員保険法
19430311,法律|政令,昭和十八年法律第四十三号,金融機関の信託業務の兼営等に関する法律
19430315,法律|政令,昭和十八年法律第六十一号,昭和十八年法律第六十一号（占領地軍政官憲ノ為シタル行為ノ法律上ノ効力等ニ関スル法律）
19440210,法律|政令,昭和十九年法律第四号,昭和十九年法律第四号（経済関係罰則ノ整備ニ関スル法律）
19451220,法律|政令,昭和二十年法律第四十六号,昭和二十年法律第四十六号（戦時民事特別法廃止法律）
19460815,法律|政令,昭和二十一年法律第六号,金融機関経理応急措置法
19460815,法律|政令,昭和二十一年法律第七号,会社経理応急措置法
19460925,法律|政令,昭和二十一年法律第二十四号,昭和二十一年法律第二十四号（法人に対する政府の財政援助の制限に関する法律）
19460927,法律|政令,昭和二十一年法律第二十五号,労働関係調整法
19461019,法律|政令,昭和二十一年法律第三十九号,金融機関再建整備法
19461019,法律|政令,昭和二十一年法律第四十号,企業再建整備法
19461103,憲法,昭和二十一年憲法,日本国憲法
19461118,法律|政令,昭和二十一年法律第五十六号,大蔵省預金部等損失特別処理法
19470116,法律|政令,昭和二十二年法律第三号,皇室典範
19470116,法律|政令,昭和二十二年法律第四号,皇室経済法
19470116,法律|政令,昭和二十二年法律第五号,内閣法
19470313,法律|政令,昭和二十二年法律第十三号,請願法
19470328,法律|政令,昭和二十二年法律第二十号,恩赦法
19470331,法律|政令,昭和二十二年法律第二十六号,学校教育法
19470331,法律|政令,昭和二十二年法律第三十四号,財政法　抄
19470331,法律|政令,昭和二十二年法律第三十五号,会計法
19470331,法律|政令,昭和二十二年法律第四十二号,昭和二十二年法律第四十二号（公債金特別会計法外四法律の廃止等に関する法律）　抄
19470407,法律|政令,昭和二十二年法律第四十九号,労働基準法
19470407,法律|政令,昭和二十二年法律第五十号,労働者災害補償保険法
19470412,法律|政令,昭和二十二年法律第五十三号,昭和二十二年法律第五十三号（社寺等に無償で貸し付けてある国有財産の処分に関する法律）
19470414,法律|政令,昭和二十二年法律第五十四号,昭和二十二年法律第五十四号（私的独占の禁止及び公正取引の確保に関する法律）
19470416,法律|政令,昭和二十二年法律第五十九号,裁判所法
19470416,法律|政令,昭和二十二年法律第六十号,裁判所法施行法
19470416,法律|政令,昭和二十二年法律第六十一号,検察庁法
19470417,法律|政令,昭和二十二年法律第六十三号,下級裁判所の設立及び管轄区域に関する法律
19470417,法律|政令,昭和二十二年法律第六十七号,地方自治法
19470418,法律|政令,昭和二十二年法律第七十号,宮内庁法
19470418,法律|政令,昭和二十二年法律第七十二号,昭和二十二年法律第七十二号（日本国憲法施行の際現に効力を有する命令の規定の効力等に関する法律）
19470419,法律|政令,昭和二十二年法律第七十三号,会計検査院法
19470430,法律|政令,昭和二十二年法律第七十九号,国会法
19470430,法律|政令,昭和二十二年法律第八十号,国会議員の歳費、旅費及び手当等に関する法律
19470430,法律|政令,昭和二十二年法律第八十一号,議院に出頭する証人等の旅費及び日当に関する法律
19470430,法律|政令,昭和二十二年法律第八十二号,昭和二十二年法律第八十二号（国会予備金に関する法律）
19470430,法律|政令,昭和二十二年法律第八十三号,議院事務局法
19470430,法律|政令,昭和二十二年法律第八十五号,国会職員法
19470901,法律|政令,昭和二十二年法律第百号,船員法
19470905,法律|政令,昭和二十二年法律第百一号,地域保健法
19470920,法律|政令,昭和二十二年法律第百九号,昭和二十二年法律第百九号（生命保険中央会及び損害保険中央会の保険業務に関する権利義務の承継等に関する法律）
19470926,法律|政令,昭和二十二年法律第百十一号,昭和二十二年法律第百十一号（皇族の身分を離れた者及び皇族となつた者の戸籍に関する法律）
19471002,法律|政令,昭和二十二年法律第百十三号,皇室経済法施行法
19471015,法律|政令,昭和二十二年法律第百十七号,昭和二十二年法律第百十七号（裁判所予備金に関する法律）
19471018,法律|政令,昭和二十二年法律第百十八号,災害救助法
19471021,法律|政令,昭和二十二年法律第百二十号,国家公務員法
19471021,法律|政令,昭和二十二年法律第百二十一号,昭和二十二年法律第百二十一号（国家公務員法の規定が適用せられるまでの官吏の任免等に関する法律）
19471027,法律|政令,昭和二十二年法律第百二十五号,国家賠償法
19471029,法律|政令,昭和二十二年法律第百二十七号,裁判官分限法
19471104,法律|政令,昭和二十二年法律第百二十九号,財政融資資金の債権の条件変更等に関する法律
19471119,法律|政令,昭和二十二年法律第百三十二号,農業協同組合法
19471119,法律|政令,昭和二十二年法律第百三十五号,海難審判法
19471120,法律|政令,昭和二十二年法律第百三十六号,最高裁判所裁判官国民審査法
19471120,法律|政令,昭和二十二年法律第百三十七号,裁判官弾劾法
19471130,法律|政令,昭和二十二年法律第百四十一号,職業安定法
19471204,法律|政令,昭和二十二年法律第百四十八号,貨幣損傷等取締法
19471204,法律|政令,昭和二十二年法律第百四十九号,すき入紙製造取締法
19471206,法律|政令,昭和二十二年法律第百五十一号,昭和二十二年法律第百五十一号（国際電気通信株式会社等の社員で公務員となつた者の在職年の計算に関する恩給法の特例等に関する法律）
19471210,法律|政令,昭和二十二年法律第百五十九号,昭和二十二年法律第百五十九号（赤十字の標章及び名称等の使用の制限に関する法律）
19471212,法律|政令,昭和二十二年法律第百六十四号,児童福祉法
19471212,法律|政令,昭和二十二年法律第百六十五号,郵便法
19471212,法律|政令,昭和二十二年法律第百七十号,昭和二十二年法律第百七十号（大蔵省預金部特別会計、国有鉄道事業特別会計、通信事業特別会計並びに簡易生命保険及郵便年金特別会計の保険勘定及び年金勘定の昭和二十二年度における歳入不足補填のための一般会計からする繰入金に関する法律）
19471213,法律|政令,昭和二十二年法律第百七十五号,昭和二十二年法律第百七十五号（災害被害者に対する租税の減免、徴収猶予等に関する法律）
19471213,法律|政令,昭和二十二年法律第百八十一号,臨時金利調整法
19471215,法律|政令,昭和二十二年法律第百八十五号,農業保険法
19471216,法律|政令,昭和二十二年法律第百八十九号,印紙等模造取締法
19471217,法律|政令,昭和二十二年法律第百九十四号,国の利害に関係のある訴訟についての法務大臣の権限等に関する法律
19471220,法律|政令,昭和二十二年法律第二百十七号,あん摩マツサージ指圧師、はり師、きゆう師等に関する法律
19471222,法律|政令,昭和二十二年法律第二百二十四号,戸籍法
19471223,法律|政令,昭和二十二年法律第二百二十六号,消防組織法
19471223,法律|政令,昭和二十二年法律第二百二十九号,昭和二十二年法律第二百二十九号（物品の無償貸付及び譲与等に関する法律）
19471223,法律|政令,昭和二十二年法律第二百三十一号,昭和二十二年法律第二百三十一号（国が施行する内国貿易設備に関する港湾工事に因り生ずる土地又は工作物の譲与又は貸付及び使用料の徴収に関する法律）
19471223,法律|政令,昭和二十二年法律第二百二十五号,議院における証人の宣誓及び証言等に関する法律
19471224,法律|政令,昭和二十二年法律第二百三十三号,食品衛生法
19471224,法律|政令,昭和二十二年法律第二百三十四号,理容師法
19471229,法律|政令,昭和二十二年法律第二百四十五号,栄養士法
19480209,法律|政令,昭和二十三年法律第五号,国立国会図書館法
19480209,法律|政令,昭和二十三年法律第六号,国立国会図書館建築委員会法
19480320,法律|政令,昭和二十三年法律第十三号,昭和二十三年法律第十三号（政府職員の俸給等の支給に関する措置等に伴う大蔵省預金部外三特別会計に対する一般会計の繰入金に関する法律）
19480401,法律|政令,昭和二十三年法律第十八号,大蔵省預金部特別会計外三特別会計の昭和二十三年度における歳入不足補填のための一般会計からする繰入金に関する法律
19480413,法律|政令,昭和二十三年法律第二十五号,金融商品取引法
19480414,法律|政令,昭和二十三年法律第二十七号,財政法第三条の特例に関する法律
19480427,法律|政令,昭和二十三年法律第二十八号,海上保安庁法
19480501,法律|政令,昭和二十三年法律第三十九号,軽犯罪法
19480515,法律|政令,昭和二十三年法律第四十三号,行政代執行法
19480531,法律|政令,昭和二十三年法律第四十八号,墓地、埋葬等に関する法律
19480630,法律|政令,昭和二十三年法律第六十八号,予防接種法
19480630,法律|政令,昭和二十三年法律第七十三号,国有財産法
19480701,法律|政令,昭和二十三年法律第七十五号,裁判官の報酬等に関する法律
19480701,法律|政令,昭和二十三年法律第七十六号,検察官の俸給等に関する法律
19480701,法律|政令,昭和二十三年法律第八十号,減額社債に対する措置等に関する法律
19480701,法律|政令,昭和二十三年法律第八十二号,農薬取締法
19480702,法律|政令,昭和二十三年法律第八十三号,中小企業庁設置法
19480705,法律|政令,昭和二十三年法律第九十二号,議院法制局法
19480706,法律|政令,昭和二十三年法律第百三号,公認会計士法
19480707,法律|政令,昭和二十三年法律第百九号,地方財政法
19480710,法律|政令,昭和二十三年法律第百二十号,国家行政組織法
19480710,法律|政令,昭和二十三年法律第百二十一号,日本学術会議法
19480710,法律|政令,昭和二十三年法律第百二十二号,風俗営業等の規制及び業務の適正化等に関する法律
19480710,法律|政令,昭和二十三年法律第百二十四号,大麻取締法
19480710,法律|政令,昭和二十三年法律第百二十五号,温泉法
19480710,法律|政令,昭和二十三年法律第百二十九号,社会保険診療報酬支払基金法
19480710,法律|政令,昭和二十三年法律第百三十号,船員職業安定法
19480710,法律|政令,昭和二十三年法律第百三十一号,刑事訴訟法
19480710,法律|政令,昭和二十三年法律第百三十二号,教科書の発行に関する臨時措置法
19480710,法律|政令,昭和二十三年法律第百三十五号,市町村立学校職員給与負担法
19480712,法律|政令,昭和二十三年法律第百三十六号,警察官職務執行法
19480712,法律|政令,昭和二十三年法律第百三十七号,興行場法
19480712,法律|政令,昭和二十三年法律第百三十八号,旅館業法
19480712,法律|政令,昭和二十三年法律第百三十九号,公衆浴場法
19480712,法律|政令,昭和二十三年法律第百四十号,化製場等に関する法律
19480712,法律|政令,昭和二十三年法律第百四十二号,印紙をもつてする歳入金納付に関する法律
19480712,法律|政令,昭和二十三年法律第百四十四号,当せん金付証票法
19480712,法律|政令,昭和二十三年法律第百四十六号,判事補の職権の特例等に関する法律
19480712,法律|政令,昭和二十三年法律第百四十七号,検察審査会法
19480713,法律|政令,昭和二十三年法律第百五十八号,競馬法
19480713,法律|政令,昭和二十三年法律第百五十六号,母体保護法
19480715,法律|政令,昭和二十三年法律第百六十五号,農業改良助長法
19480715,法律|政令,昭和二十三年法律第百六十八号,少年法
19480715,法律|政令,昭和二十三年法律第百七十四号,港則法
19480720,法律|政令,昭和二十三年法律第百七十八号,国民の祝日に関する法律
19480724,法律|政令,昭和二十三年法律第百八十六号,消防法
19480729,法律|政令,昭和二十三年法律第百九十三号,損害保険料率算出団体に関する法律
19480729,法律|政令,昭和二十三年法律第百九十八号,民生委員法
19480729,法律|政令,昭和二十三年法律第百九十四号,政治資金規正法
19480730,法律|政令,昭和二十三年法律第二百号,消費生活協同組合法
19480730,法律|政令,昭和二十三年法律第二百一号,医師法
19480730,法律|政令,昭和二十三年法律第二百二号,歯科医師法
19480730,法律|政令,昭和二十三年法律第二百三号,保健師助産師看護師法
19480730,法律|政令,昭和二十三年法律第二百四号,歯科衛生士法
19480730,法律|政令,昭和二十三年法律第二百五号,医療法
19480730,法律|政令,昭和二十三年法律第百九十九号,人身保護法
19480801,法律|政令,昭和二十三年法律第二百九号,自転車競技法
19481209,法律|政令,昭和二十三年法律第二百三十四号,司法警察職員等指定応急措置法
19481215,法律|政令,昭和二十三年法律第二百四十二号,水産業協同組合法
19481218,法律|政令,昭和二十三年法律第二百四十九号,刑事訴訟法施行法　抄
19481218,法律|政令,昭和二十三年法律第二百五十一号,罰金等臨時措置法
19481220,法律|政令,昭和二十三年法律第二百五十七号,行政執行法人の労働関係に関する法律
19481229,法律|政令,昭和二十三年法律第二百八十二号,道路の修繕に関する法律
19490112,法律|政令,昭和二十四年法律第一号,教育公務員特例法
19490514,法律|政令,昭和二十四年法律第五十七号,検察官の取り調べた者等に対する旅費、日当、宿泊料等支給法
19490516,法律|政令,昭和二十四年法律第六十八号,簡易生命保險法
19490516,法律|政令,昭和二十四年法律第七十号,鉱山保安法
19490519,法律|政令,昭和二十四年法律第八十三号,公共企業体労働関係法の施行に関する法律　抄
19490520,法律|政令,昭和二十四年法律第九十一号,郵便切手類販売所等に関する法律
19490524,法律|政令,昭和二十四年法律第九十九号,航路標識法
19490524,法律|政令,昭和二十四年法律第百号,建設業法
19490524,法律|政令,昭和二十四年法律第九十六号,年齢のとなえ方に関する法律
19490524,法律|政令,昭和二十四年法律第百一号,国立国会図書館法の規定により行政各部門に置かれる支部図書館及びその職員に関する法律
19490528,法律|政令,昭和二十四年法律第百八号,古物営業法
19490530,法律|政令,昭和二十四年法律第百十七号,国家公務員宿舎法
19490530,法律|政令,昭和二十四年法律第百二十一号,水先法
19490531,法律|政令,昭和二十四年法律第百三十九号,人権擁護委員法
19490531,法律|政令,昭和二十四年法律第百四十号,司法試験法
19490531,法律|政令,昭和二十四年法律第百四十七号,教育職員免許法
19490531,法律|政令,昭和二十四年法律第百四十八号,教育職員免許法施行法　抄
19490531,法律|政令,昭和二十四年法律第百四十九号,文部科学省著作教科書の出版権等に関する法律
19490601,法律|政令,昭和二十四年法律第百七十三号,在外公館等借入金の確認に関する法律
19490601,法律|政令,昭和二十四年法律第百七十四号,労働組合法
19490601,法律|政令,昭和二十四年法律第百七十六号,国の所有に属する物品の売払代金の納付に関する法律
19490601,法律|政令,昭和二十四年法律第百八十一号,中小企業等協同組合法
19490601,法律|政令,昭和二十四年法律第百八十二号,中小企業等協同組合法施行法　抄
19490601,法律|政令,昭和二十四年法律第百八十三号,協同組合による金融事業に関する法律
19490601,法律|政令,昭和二十四年法律第百八十五号,産業標準化法
19490601,法律|政令,昭和二十四年法律第百八十六号,獣医師法
19490601,法律|政令,昭和二十四年法律第百八十七号,海上運送法
19490603,法律|政令,昭和二十四年法律第百八十八号,測量法
19490603,法律|政令,昭和二十四年法律第百八十九号,屋外広告物法
19490604,法律|政令,昭和二十四年法律第百九十三号,水防法
19490606,法律|政令,昭和二十四年法律第百九十五号,土地改良法
19490606,法律|政令,昭和二十四年法律第百九十六号,土地改良法施行法　抄
19490608,法律|政令,昭和二十四年法律第二百号,国家公務員の寒冷地手当に関する法律
19490610,法律|政令,昭和二十四年法律第二百四号,死体解剖保存法
19490610,法律|政令,昭和二十四年法律第二百七号,社会教育法
19490610,法律|政令,昭和二十四年法律第二百五号,弁護士法
19490610,法律|政令,昭和二十四年法律第二百六号,認知の訴の特例に関する法律
19490610,法律|政令,昭和二十四年法律第二百八号,家畜商法
19490615,法律|政令,昭和二十四年法律第二百十号,通訳案内士法
19490615,法律|政令,昭和二十四年法律第二百十三号,簡易郵便局法
19490806,法律|政令,昭和二十四年法律第二百十九号,広島平和記念都市建設法
19490809,法律|政令,昭和二十四年法律第二百二十号,長崎国際文化都市建設法
19491114,法律|政令,昭和二十四年法律第二百二十四号,お年玉付郵便葉書等に関する法律
19491201,法律|政令,昭和二十四年法律第二百二十八号,外国為替及び外国貿易法
19491206,法律|政令,昭和二十四年法律第二百四十号,郵政事業特別会計の昭和二十四年度における歳入不足補てんのための一般会計からする繰入金に関する法律
19491212,法律|政令,昭和二十四年法律第二百五十二号,特別職の職員の給与に関する法律
19491212,法律|政令,昭和二十四年法律第二百五十七号,旧軍関係債権の処理に関する法律
19491212,法律|政令,昭和二十四年法律第二百五十九号,国際観光事業の助成に関する法律
19491212,法律|政令,昭和二十四年法律第二百五十六号,政府契約の支払遅延防止等に関する法律
19491215,法律|政令,昭和二十四年法律第二百六十六号,警察用電話等の処理に関する法律
19491215,法律|政令,昭和二十四年法律第二百六十七号,漁業法
19491215,法律|政令,昭和二十四年法律第二百六十八号,漁業法施行法　抄
19491215,法律|政令,昭和二十四年法律第二百七十号,私立学校法
19491216,法律|政令,昭和二十四年法律第二百七十一号,人事官弾劾の訴追に関する法律
19491224,法律|政令,昭和二十四年法律第二百七十九号,国際観光ホテル整備法
19491226,法律|政令,昭和二十四年法律第二百八十四号,郵便物運送委託法
19491226,法律|政令,昭和二十四年法律第二百八十三号,身体障害者福祉法
19500101,法律|政令,昭和二十五年法律第一号,刑事補償法
19500307,法律|政令,昭和二十五年法律第五号,駐留軍労働者等に支払うべき給料その他の給与の支払事務の処理の特例に関する法律
19500318,法律|政令,昭和二十五年法律第十二号,家畜保健衛生所法
19500331,法律|政令,昭和二十五年法律第四十一号,日本勧業銀行法等を廃止する法律
19500331,法律|政令,昭和二十五年法律第四十七号,社会保険医療協議会法
19500331,法律|政令,昭和二十五年法律第五十三号,森林病害虫等防除法
19500331,法律|政令,昭和二十五年法律第六十一号,国等の債権債務等の金額の端数計算に関する法律
19500331,法律|政令,昭和二十五年法律第六十二号,退職職員に支給する退職手当支給の財源に充てるための特別会計からする一般会計への繰入れに関する法律
19500331,法律|政令,昭和二十五年法律第六十七号,貿易保険法
19500331,法律|政令,昭和二十五年法律第七十三号,相続税法
19500401,法律|政令,昭和二十五年法律第八十一号,公立大学に置かれた文部事務官等の身分上の措置に関する法律
19500403,法律|政令,昭和二十五年法律第九十五号,一般職の職員の給与に関する法律
19500415,法律|政令,昭和二十五年法律第百号,公職選挙法
19500417,法律|政令,昭和二十五年法律第百二号,水路業務法
19500419,法律|政令,昭和二十五年法律第百五号,日本政府在外事務所設置法
19500425,法律|政令,昭和二十五年法律第百十号,資産再評価法
19500430,法律|政令,昭和二十五年法律第百十四号,国家公務員等の旅費に関する法律
19500430,法律|政令,昭和二十五年法律第百十八号,図書館法
19500501,法律|政令,昭和二十五年法律第百二十六号,北海道開発法
19500501,法律|政令,昭和二十五年法律第百二十七号,肥料取締法
19500501,法律|政令,昭和二十五年法律第百二十九号,造船法
19500501,法律|政令,昭和二十五年法律第百二十三号,精神保健及び精神障害者福祉に関する法律
19500502,法律|政令,昭和二十五年法律第百三十一号,電波法
19500502,法律|政令,昭和二十五年法律第百三十二号,放送法
19500502,法律|政令,昭和二十五年法律第百三十七号,漁港漁場整備法
19500504,法律|政令,昭和二十五年法律第百四十四号,生活保護法
19500504,法律|政令,昭和二十五年法律第百四十七号,国籍法
19500504,法律|政令,昭和二十五年法律第百四十九号,火薬類取締法
19500504,法律|政令,昭和二十五年法律第百五十一号,植物防疫法
19500508,法律|政令,昭和二十五年法律第百五十八号,質屋営業法
19500510,法律|政令,昭和二十五年法律第百六十九号,農林水産業施設災害復旧事業費国庫補助の暫定措置に関する法律
19500511,法律|政令,昭和二十五年法律第百七十二号,予算執行職員等の責任に関する法律
19500511,法律|政令,昭和二十五年法律第百七十五号,日本農林規格等に関する法律
19500511,法律|政令,昭和二十五年法律第百七十七号,船主相互保険組合法
19500513,法律|政令,昭和二十五年法律第百七十八号,漁船法
19500515,法律|政令,昭和二十五年法律第百七十九号,国会議員の選挙等の執行経費の基準に関する法律
19500520,法律|政令,昭和二十五年法律第百九十四号,牧野法
19500522,法律|政令,昭和二十五年法律第百九十七号,司法書士法
19500524,法律|政令,昭和二十五年法律第二百一号,建築基準法
19500524,法律|政令,昭和二十五年法律第二百二号,建築士法
19500525,法律|政令,昭和二十五年法律第二百四号,保護司法
19500526,法律|政令,昭和二十五年法律第二百五号,国土形成計画法
19500527,法律|政令,昭和二十五年法律第二百九号,家畜改良増殖法
19500527,法律|政令,昭和二十五年法律第二百七号,クリーニング業法
19500527,法律|政令,昭和二十五年法律第二百八号,小型自動車競走法
19500530,法律|政令,昭和二十五年法律第二百十一号,地方交付税法
19500530,法律|政令,昭和二十五年法律第二百十四号,文化財保護法
19500531,法律|政令,昭和二十五年法律第二百十八号,港湾法
19500628,法律|政令,昭和二十五年法律第二百二十号,旧軍港市転換法
19500718,法律|政令,昭和二十五年法律第二百二十一号,別府国際観光温泉文化都市建設法
19500725,法律|政令,昭和二十五年法律第二百二十二号,伊東国際観光温泉文化都市建設法
19500731,法律|政令,昭和二十五年法律第二百二十六号,地方税法
19500731,法律|政令,昭和二十五年法律第二百二十八号,土地家屋調査士法
19500801,法律|政令,昭和二十五年法律第二百三十三号,熱海国際観光温泉文化都市建設法
19500805,法律|政令,昭和二十五年法律第二百三十九号,商品先物取引法
19500826,法律|政令,昭和二十五年法律第二百四十七号,狂犬病予防法
19501021,法律|政令,昭和二十五年法律第二百四十八号,横浜国際港都建設法
19501021,法律|政令,昭和二十五年法律第二百四十九号,神戸国際港都建設法
19501021,法律|政令,昭和二十五年法律第二百五十号,奈良国際文化観光都市建設法
19501022,法律|政令,昭和二十五年法律第二百五十一号,京都国際文化観光都市建設法
19501209,法律|政令,昭和二十五年法律第二百五十三号,漁業用海岸局を開設運用する漁業協同組合及び漁業協同組合連合会に対する水産業協同組合法の適用の特例に関する法律
19501212,法律|政令,昭和二十五年法律第二百五十六号,旧令による共済組合等からの年金受給者のための特別措置法
19501213,法律|政令,昭和二十五年法律第二百六十一号,地方公務員法
19501214,法律|政令,昭和二十五年法律第二百六十四号,中小企業信用保険法
19501218,法律|政令,昭和二十五年法律第二百七十六号,郵政事業特別会計の歳入不足を補てんするための一般会計からする繰入金に関する法律
19501220,法律|政令,昭和二十五年法律第二百八十九号,鉱業法
19501220,法律|政令,昭和二十五年法律第二百九十号,鉱業法施行法　抄
19501220,法律|政令,昭和二十五年法律第二百九十一号,採石法
19501220,法律|政令,昭和二十五年法律第二百九十二号,鉱業等に係る土地利用の調整手続等に関する法律
19501228,法律|政令,昭和二十五年法律第三百三号,毒物及び劇物取締法
19510222,法律|政令,昭和二十六年法律第四号,行政書士法
19510301,法律|政令,昭和二十六年法律第七号,松江国際文化観光都市建設法
19510303,法律|政令,昭和二十六年法律第八号,芦屋国際文化住宅都市建設法
19510315,法律|政令,昭和二十六年法律第二十三号,郵政事業特別会計の歳入不足を補てんするための一般会計からする繰入金に関する法律
19510323,法律|政令,昭和二十六年法律第三十二号,海事代理士法
19510324,法律|政令,昭和二十六年法律第三十三号,国家公務員共済組合法の規定による年金の額の改定に関する法律
19510329,法律|政令,昭和二十六年法律第四十五号,社会福祉法
19510330,法律|政令,昭和二十六年法律第五十三号,裁判所職員定員法
19510331,法律|政令,昭和二十六年法律第八十八号,農業委員会等に関する法律
19510331,法律|政令,昭和二十六年法律第九十六号,結核予防法
19510331,法律|政令,昭和二十六年法律第九十七号,公共土木施設災害復旧事業費国庫負担法
19510331,法律|政令,昭和二十六年法律第九十九号,沖縄振興開発金融公庫の予算及び決算に関する法律
19510331,法律|政令,昭和二十六年法律第百号,財政融資資金法
19510331,法律|政令,昭和二十六年法律第七十三号,北海道開発のためにする港湾工事に関する法律
19510401,法律|政令,昭和二十六年法律第百十七号,松山国際観光温泉文化都市建設法
19510403,法律|政令,昭和二十六年法律第百二十五号,文化功労者年金法
19510403,法律|政令,昭和二十六年法律第百二十六号,宗教法人法
19510410,法律|政令,昭和二十六年法律第百四十四号,農産物検査法
19510410,法律|政令,昭和二十六年法律第百四十五号,納税貯蓄組合法
19510416,法律|政令,昭和二十六年法律第百四十九号,船舶職員及び小型船舶操縦者法
19510529,法律|政令,昭和二十六年法律第百六十一号,港湾運送事業法
19510531,法律|政令,昭和二十六年法律第百六十六号,家畜伝染病予防法
19510601,法律|政令,昭和二十六年法律第百八十号,国土調査法
19510601,法律|政令,昭和二十六年法律第百八十三号,道路運送法
19510601,法律|政令,昭和二十六年法律第百八十四号,道路運送法施行法　抄
19510601,法律|政令,昭和二十六年法律第百八十五号,道路運送車両法
19510601,法律|政令,昭和二十六年法律第百八十六号,道路運送車両法施行法　抄
19510601,法律|政令,昭和二十六年法律第百八十七号,自動車抵当法
19510601,法律|政令,昭和二十六年法律第百八十八号,自動車抵当法施行法　抄
19510601,法律|政令,昭和二十六年法律第百八十一号,官公庁施設の建設等に関する法律
19510602,法律|政令,昭和二十六年法律第百九十一号,国家公務員災害補償法
19510604,法律|政令,昭和二十六年法律第百九十三号,公営住宅法
19510604,法律|政令,昭和二十六年法律第百九十八号,投資信託及び投資法人に関する法律
19510606,法律|政令,昭和二十六年法律第二百一号,検疫法
19510607,法律|政令,昭和二十六年法律第二百四号,高圧ガス保安法
19510608,法律|政令,昭和二十六年法律第二百十二号,日刊新聞紙の発行を目的とする株式会社の株式の譲渡の制限等に関する法律
19510609,法律|政令,昭和二十六年法律第二百十九号,土地収用法
19510609,法律|政令,昭和二十六年法律第二百二十号,土地収用法施行法　抄
19510609,法律|政令,昭和二十六年法律第二百二十二号,民事調停法
19510611,法律|政令,昭和二十六年法律第二百二十六号,診療放射線技師法
19510611,法律|政令,昭和二十六年法律第二百二十七号,民間学術研究機関の助成に関する法律
19510611,法律|政令,昭和二十六年法律第二百二十八号,産業教育振興法
19510615,法律|政令,昭和二十六年法律第二百三十七号,税理士法
19510615,法律|政令,昭和二十六年法律第二百三十八号,信用金庫法
19510615,法律|政令,昭和二十六年法律第二百三十九号,信用金庫法施行法　抄
19510618,法律|政令,昭和二十六年法律第二百四十二号,モーターボート競走法
19510623,法律|政令,昭和二十六年法律第二百四十六号,国有林野の管理経営に関する法律
19510626,法律|政令,昭和二十六年法律第二百四十九号,森林法
19510626,法律|政令,昭和二十六年法律第二百五十号,森林法施行法　抄
19510630,法律|政令,昭和二十六年法律第二百五十二号,覚醒剤取締法
19510815,法律|政令,昭和二十六年法律第二百五十三号,軽井沢国際親善文化観光都市建設法
19511004,法律|政令,昭和二十六年政令第三百十九号,出入国管理及び難民認定法
19511126,法律|政令,昭和二十六年法律第二百六十四号,連合国財産補償法
19511128,法律|政令,昭和二十六年法律第二百六十七号,旅券法
19511201,法律|政令,昭和二十六年法律第二百八十五号,博物館法
19511203,法律|政令,昭和二十六年法律第二百八十九号,旧外貨債処理法による借換済外貨債の証券の一部の有効化等に関する法律
19511206,法律|政令,昭和二十六年法律第二百九十九号,裁判所職員臨時措置法
19511215,法律|政令,昭和二十六年法律第三百七号,旧令による共済組合等からの年金受給者のための特別措置法の規定による年金の額の改定に関する法律
19511215,法律|政令,昭和二十六年法律第三百八号,昭和二十六年度における給与の改訂に伴う国家公務員共済組合法の規定による年金の額の改定に関する法律
19511217,法律|政令,昭和二十六年法律第三百十三号,水産資源保護法
19520305,法律|政令,昭和二十七年法律第四号,財政法、会計法等の財政関係法律の一部を改正する等の法律　抄
19520314,法律|政令,昭和二十七年法律第五号,企業合理化促進法
19520331,法律|政令,昭和二十七年法律第三十五号,海外からの日本国民の集団的引揚輸送のための航海命令に関する法律
19520331,法律|政令,昭和二十七年法律第四十一号,外務公務員法
19520331,法律|政令,昭和二十七年法律第四十三号,ポツダム宣言の受諾に伴い発する命令に関する件に基く大蔵省関係諸命令の措置に関する法律
19520331,法律|政令,昭和二十七年法律第四十四号,在外公館等借入金の返済の実施に関する法律
19520331,法律|政令,昭和二十七年法律第二十八号,漁船損害等補償法
19520405,法律|政令,昭和二十七年法律第七十二号,ポツダム宣言の受諾に伴い発する命令に関する件に基く運輸省関係諸命令の措置に関する法律
19520409,法律|政令,昭和二十七年法律第七十九号,教職員の除去、就職禁止等に関する政令を廃止する法律
19520411,法律|政令,昭和二十七年法律第八十一号,ポツダム宣言の受諾に伴い発する命令に関する件の廃止に関する法律
19520421,法律|政令,昭和二十七年法律第九十三号,在外公館の名称及び位置並びに在外公館に勤務する外務公務員の給与に関する法律
19520421,法律|政令,昭和二十七年法律第九十四号,公職に関する就職禁止、退職等に関する勅令等の廃止に関する法律
19520425,法律|政令,昭和二十七年法律第九十六号,特殊土壌地帯災害防除及び振興臨時措置法
19520428,法律|政令,昭和二十七年法律第百七号,日本国とアメリカ合衆国との間の相互協力及び安全保障条約第六条に基づく施設及び区域並びに日本国における合衆国軍隊の地位に関する協定等の実施に伴う電気通信事業法等の特例に関する法律
19520428,法律|政令,昭和二十七年法律第百八号,日本国とアメリカ合衆国との間の相互協力及び安全保障条約第六条に基づく施設及び区域並びに日本国における合衆国軍隊の地位に関する協定の実施に伴う電波法の特例に関する法律
19520428,法律|政令,昭和二十七年法律第百十号,日本国とアメリカ合衆国との間の相互協力及び安全保障条約第六条に基づく施設及び区域並びに日本国における合衆国軍隊の地位に関する協定の実施に伴う国有の財産の管理に関する法律
19520428,法律|政令,昭和二十七年法律第百十一号,日本国とアメリカ合衆国との間の相互協力及び安全保障条約第六条に基づく施設及び区域並びに日本国における合衆国軍隊の地位に関する協定の実施に伴う所得税法等の臨時特例に関する法律
19520428,法律|政令,昭和二十七年法律第百十二号,日本国とアメリカ合衆国との間の相互協力及び安全保障条約第六条に基づく施設及び区域並びに日本国における合衆国軍隊の地位に関する協定の実施に伴う関税法等の臨時特例に関する法律
19520428,法律|政令,昭和二十七年法律第百十三号,日本国とアメリカ合衆国との間の相互協力及び安全保障条約第六条に基づく施設及び区域並びに日本国における合衆国軍隊の地位に関する協定の実施に伴う国税通則法等の臨時特例に関する法律
19520428,法律|政令,昭和二十七年法律第百十四号,日本国とアメリカ合衆国との間の相互協力及び安全保障条約第六条に基づく施設及び区域並びに日本国における合衆国軍隊の地位に関する協定の実施に伴うたばこ事業法等の臨時特例に関する法律
19520428,法律|政令,昭和二十七年法律第百十七号,公務員等の懲戒免除等に関する法律
19520428,法律|政令,昭和二十七年法律第百十九号,日本国とアメリカ合衆国との間の相互協力及び安全保障条約第六条に基づく施設及び区域並びに日本国における合衆国軍隊の地位に関する協定の実施に伴う地方税法の臨時特例に関する法律
19520428,法律|政令,昭和二十七年法律第百二十一号,日本国とアメリカ合衆国との間の相互協力及び安全保障条約第六条に基づく施設及び区域並びに日本国における合衆国軍隊の地位に関する協定の実施に伴う民事特別法
19520428,法律|政令,昭和二十七年法律第百二十二号,日本国とアメリカ合衆国との間の相互協力及び安全保障条約第六条に基づく施設及び区域並びに日本国における合衆国軍隊の地位に関する協定の実施に伴う郵便法の特例に関する法律
19520428,法律|政令,昭和二十七年法律第百二十三号,日本国とアメリカ合衆国との間の相互協力及び安全保障条約第六条に基づく施設及び区域並びに日本国における合衆国軍隊の地位に関する協定及び日本国における国際連合の軍隊の地位に関する協定の実施に伴う道路運送法等の特例に関する法律
19520428,法律|政令,昭和二十七年法律第百二十四号,日本国とアメリカ合衆国との間の相互協力及び安全保障条約第六条に基づく施設及び区域並びに日本国における合衆国軍隊の地位に関する協定及び日本国における国際連合の軍隊の地位に関する協定の実施に伴う水先法の特例に関する法律
19520430,法律|政令,昭和二十七年法律第百二十七号,戦傷病者戦没者遺族等援護法
19520507,法律|政令,昭和二十七年法律第百三十七号,ポツダム宣言の受諾に伴い発する命令に関する件に基く法務府関係諸命令の措置に関する法律
19520507,法律|政令,昭和二十七年法律第百三十八号,日本国とアメリカ合衆国との間の相互協力及び安全保障条約第六条に基づく施設及び区域並びに日本国における合衆国軍隊の地位に関する協定の実施に伴う刑事特別法
19520515,法律|政令,昭和二十七年法律第百四十号,日本国とアメリカ合衆国との間の相互協力及び安全保障条約第六条に基づく施設及び区域並びに日本国における合衆国軍隊の地位に関する協定の実施に伴う土地等の使用等に関する特別措置法
19520527,法律|政令,昭和二十七年法律第百五十一号,内航海運業法
19520602,法律|政令,昭和二十七年法律第百六十五号,気象業務法
19520610,法律|政令,昭和二十七年法律第百七十四号,日本国との平和条約の効力の発生及び日本国とアメリカ合衆国との間の安全保障条約第三条に基く行政協定の実施等に伴い国家公務員法等の一部を改正する等の法律　抄
19520610,法律|政令,昭和二十七年法律第百七十六号,宅地建物取引業法
19520610,法律|政令,昭和二十七年法律第百八十号,道路法
19520610,法律|政令,昭和二十七年法律第百八十一号,道路法施行法　抄
19520612,法律|政令,昭和二十七年法律第百八十二号,外国の領事官に交付する認可状の認証に関する法律
19520612,法律|政令,昭和二十七年法律第百八十四号,公共工事の前払金保証事業に関する法律
19520612,法律|政令,昭和二十七年法律第百八十七号,長期信用銀行法
19520614,法律|政令,昭和二十七年法律第百九十一号,国際通貨基金及び国際復興開発銀行への加盟に伴う措置に関する法律
19520614,法律|政令,昭和二十七年法律第百九十五号,貸付信託法
19520618,法律|政令,昭和二十七年法律第二百一号,外国軍用艦船等に関する検疫法特例
19520620,法律|政令,昭和二十七年法律第二百四号,道路交通事業抵当法
19520621,法律|政令,昭和二十七年法律第二百七号,ユネスコ活動に関する法律
19520630,法律|政令,昭和二十七年法律第二百十九号,国有財産特別措置法
19520704,法律|政令,昭和二十七年法律第二百二十六号,離島航路整備法
19520715,法律|政令,昭和二十七年法律第二百二十九号,農地法
19520715,法律|政令,昭和二十七年法律第二百三十号,農地法施行法
19520715,法律|政令,昭和二十七年法律第二百三十一号,航空法
19520715,法律|政令,昭和二十七年法律第二百三十二号,日本国とアメリカ合衆国との間の相互協力及び安全保障条約第六条に基づく施設及び区域並びに日本国における合衆国軍隊の地位に関する協定及び日本国における国際連合の軍隊の地位に関する協定の実施に伴う航空法の特例に関する法律
19520716,法律|政令,昭和二十七年法律第二百三十七号,航空機製造事業法
19520718,法律|政令,昭和二十七年法律第二百三十九号,旅行業法
19520721,法律|政令,昭和二十七年法律第二百四十号,破壊活動防止法
19520721,法律|政令,昭和二十七年法律第二百四十一号,公安調査庁設置法
19520721,法律|政令,昭和二十七年法律第二百四十二号,公安審査委員会設置法
19520722,法律|政令,昭和二十七年法律第二百四十三号,日本国とアメリカ合衆国との間の相互協力及び安全保障条約に基づき日本国にあるアメリカ合衆国の軍隊の水面の使用に伴う漁船の操業制限等に関する法律
19520723,法律|政令,昭和二十七年法律第二百四十四号,昭和二十三年六月三十日以前に給与事由の生じた恩給の特別措置に関する法律
19520729,法律|政令,昭和二十七年法律第二百四十五号,警察官の職務に協力援助した者の災害給付に関する法律
19520731,法律|政令,昭和二十七年法律第二百五十二号,内閣法制局設置法
19520731,法律|政令,昭和二十七年法律第二百六十六号,防衛省の職員の給与等に関する法律
19520731,法律|政令,昭和二十七年法律第二百八十九号,地方公営企業等の労働関係に関する法律
19520731,法律|政令,昭和二十七年法律第二百八十六号,法廷等の秩序維持に関する法律
19520801,法律|政令,昭和二十七年法律第二百九十二号,地方公営企業法
19520805,法律|政令,昭和二十七年法律第二百九十九号,輸出入取引法
19520808,法律|政令,昭和二十七年法律第三百二号,連合国及び連合国民の著作権の特例に関する法律
19520808,法律|政令,昭和二十七年法律第三百三号,義務教育費国庫負担法
19520814,法律|政令,昭和二十七年法律第三百五号,日本赤十字社法
19520818,法律|政令,昭和二十七年法律第三百十号,地方制度調査会設置法
19521226,法律|政令,昭和二十七年法律第三百三十七号,国際連合の決議に基く民生事業のため必要な物品の無償譲渡に関する法律
19521227,法律|政令,昭和二十七年法律第三百四十六号,中小漁業融資保証法
19521229,法律|政令,昭和二十七年法律第三百五十六号,飼料需給安定法
19521229,法律|政令,昭和二十七年法律第三百五十八号,農山漁村電気導入促進法
19530105,法律|政令,昭和二十八年法律第一号,外航船舶建造融資利子補給臨時措置法
19530228,法律|政令,昭和二十八年法律第六号,酒税法
19530228,法律|政令,昭和二十八年法律第七号,酒税の保全及び酒類業組合等に関する法律
19530317,法律|政令,昭和二十八年法律第十四号,麻薬及び向精神薬取締法
19530401,法律|政令,昭和二十八年法律第三十三号,海上保安官に協力援助した者等の災害給付に関する法律
19530411,法律|政令,昭和二十八年法律第三十五号,飼料の安全性の確保及び品質の改善に関する法律
19530704,法律|政令,昭和二十八年法律第五十一号,国際復興開発銀行等からの外資の受入に関する特別措置に関する法律
19530707,法律|政令,昭和二十八年法律第五十二号,国会における各会派に対する立法事務費の交付に関する法律
19530715,法律|政令,昭和二十八年法律第六十二号,金管理法
19530717,法律|政令,昭和二十八年法律第六十三号,産業労働者住宅資金融通法
19530717,法律|政令,昭和二十八年法律第六十四号,北海道防寒住宅建設等促進法
19530720,法律|政令,昭和二十八年法律第六十六号,航空機抵当法
19530721,法律|政令,昭和二十八年法律第六十八号,逃亡犯罪人引渡法
19530722,法律|政令,昭和二十八年法律第七十二号,離島振興法
19530725,法律|政令,昭和二十八年法律第八十三号,地方青少年問題協議会法
19530727,法律|政令,昭和二十八年法律第八十七号,消防施設強化促進法
19530731,法律|政令,昭和二十八年法律第九十六号,有線電気通信法
19530731,法律|政令,昭和二十八年法律第九十八号,有線電気通信法及び公衆電気通信法施行法　抄
19530801,法律|政令,昭和二十八年法律第百十四号,と畜場法
19530801,法律|政令,昭和二十八年法律第百四十五号,武器等製造法
19530801,法律|政令,昭和二十八年法律第百四十九号,臨時船舶建造調整法
19530801,法律|政令,昭和二十八年法律第百五十六号,元南西諸島官公署職員等の身分、恩給等の特別措置に関する法律
19530801,法律|政令,昭和二十八年法律第百五十七号,昭和二十七年十月三十一日以前に給与事由の生じた恩給等の年額の改定に関する法律
19530801,法律|政令,昭和二十八年法律第百五十九号,昭和二十三年六月三十日以前に給付事由の生じた国家公務員共済組合法等の規定による年金の特別措置に関する法律
19530801,法律|政令,昭和二十八年法律第百六十号,昭和二十七年度における給与の改訂に伴う国家公務員共済組合法等の規定による年金の額の改定に関する法律
19530801,法律|政令,昭和二十八年法律第百六十一号,未帰還者留守家族等援護法
19530801,法律|政令,昭和二十八年法律第百四十三号,商工会議所法
19530805,法律|政令,昭和二十八年法律第百七十号,港湾整備促進法
19530805,法律|政令,昭和二十八年法律第百六十九号,鉄道軌道整備法
19530807,法律|政令,昭和二十八年法律第百七十一号,電気事業及び石炭鉱業における争議行為の方法の規制に関する法律
19530808,法律|政令,昭和二十八年法律第百八十二号,国家公務員退職手当法
19530808,法律|政令,昭和二十八年法律第百八十五号,学校図書館法
19530808,法律|政令,昭和二十八年法律第百八十六号,理科教育振興法
19530810,法律|政令,昭和二十八年法律第百九十六号,信用保証協会法
19530812,法律|政令,昭和二十八年法律第二百号,一般財団法人日本遺族会に対する国有財産の無償貸付け等に関する法律
19530814,法律|政令,昭和二十八年法律第二百六号,社会保険審査官及び社会保険審査会法
19530817,法律|政令,昭和二十八年法律第二百二十四号,財団法人労働科学研究所に対する国有財産の譲与に関する法律
19530817,法律|政令,昭和二十八年法律第二百二十七号,労働金庫法
19530818,法律|政令,昭和二十八年法律第二百三十六号,国の援助等を必要とする帰国者に関する領事官の職務等に関する法律
19530818,法律|政令,昭和二十八年法律第二百三十八号,高等学校の定時制教育及び通信教育振興法
19530821,法律|政令,昭和二十八年法律第二百四十五号,私立学校教職員共済法
19530825,法律|政令,昭和二十八年法律第二百四十六号,日本国に駐留するアメリカ合衆国軍隊等の行為による特別損失の補償に関する法律
19530827,法律|政令,昭和二十八年法律第二百四十七号,公立学校施設災害復旧費国庫負担法
19530827,法律|政令,昭和二十八年法律第二百五十三号,久六島周辺における漁業についての漁業法の特例に関する法律
19531112,法律|政令,昭和二十八年法律第二百六十五号,日本国における国際連合の軍隊に対する刑事裁判権の行使に関する議定書の実施に伴う刑事特別法
19531116,法律|政令,昭和二十八年法律第二百六十七号,奄美群島の復帰に伴う法令の適用の暫定措置等に関する法律
19540331,法律|政令,昭和二十九年法律第三十六号,国税収納金整理資金に関する法律
19540331,法律|政令,昭和二十九年法律第五十一号,ガス事業法
19540402,法律|政令,昭和二十九年法律第六十一号,関税法
19540406,法律|政令,昭和二十九年法律第六十四号,刑事訴訟法第百九十四条に基く懲戒処分に関する法律
19540410,法律|政令,昭和二十九年法律第六十六号,日本銀行券預入令等を廃止する法律
19540422,法律|政令,昭和二十九年法律第七十一号,あへん法
19540510,法律|政令,昭和二十九年法律第九十一号,株式会社日本政策金融公庫が行う恩給担保金融に関する法律
19540515,法律|政令,昭和二十九年法律第九十七号,建設機械抵当法
19540515,法律|政令,昭和二十九年法律第百号,利息制限法
19540515,法律|政令,昭和二十九年法律第百八号,軍事郵便貯金等特別処理法
19540517,法律|政令,昭和二十九年法律第百九号,国の所有に属する自動車等の交換に関する法律
19540517,法律|政令,昭和二十九年法律第百十号,株式会社以外の法人の再評価積立金の資本組入に関する法律
19540518,法律|政令,昭和二十九年法律第百十二号,日本国とアメリカ合衆国との間の相互防衛援助協定の実施に伴う関税法等の臨時特例に関する法律
19540518,法律|政令,昭和二十九年法律第百十三号,交通事件即決裁判手続法
19540519,法律|政令,昭和二十九年法律第百十五号,厚生年金保険法
19540520,法律|政令,昭和二十九年法律第百十九号,土地区画整理法
19540520,法律|政令,昭和二十九年法律第百二十号,土地区画整理法施行法　抄
19540601,法律|政令,昭和二十九年法律第百四十三号,へき地教育振興法
19540601,法律|政令,昭和二十九年法律第百四十四号,特別支援学校への就学奨励に関する法律
19540601,法律|政令,昭和二十九年法律第百四十八号,日本国における国際連合の軍隊の地位に関する協定の実施に伴う土地等の使用及び漁船の操業制限等に関する法律
19540601,法律|政令,昭和二十九年法律第百四十九号,日本国における国際連合の軍隊の地位に関する協定の実施に伴う所得税法等の臨時特例に関する法律
19540601,法律|政令,昭和二十九年法律第百五十号,国際連合の軍隊に関する民事特別法の適用に関する法律
19540601,法律|政令,昭和二十九年法律第百五十一号,日本国における国際連合の軍隊の地位に関する協定の実施に伴う刑事特別法
19540602,法律|政令,昭和二十九年法律第百五十四号,輸出水産業の振興に関する法律
19540603,法律|政令,昭和二十九年法律第百五十七号,義務教育諸学校における教育の政治的中立の確保に関する臨時措置法
19540603,法律|政令,昭和二十九年法律第百六十号,学校給食法
19540608,法律|政令,昭和二十九年法律第百六十二号,警察法
19540609,法律|政令,昭和二十九年法律第百六十四号,防衛省設置法
19540609,法律|政令,昭和二十九年法律第百六十五号,自衛隊法
19540609,法律|政令,昭和二十九年法律第百六十六号,日米相互防衛援助協定等に伴う秘密保護法
19540614,法律|政令,昭和二十九年法律第百八十二号,酪農及び肉用牛生産の振興に関する法律
19540621,法律|政令,昭和二十九年法律第百八十八号,日本国における国際連合の軍隊の地位に関する協定の実施に伴う地方税法の臨時特例に関する法律
19540621,法律|政令,昭和二十九年法律第百八十九号,奄美群島振興開発特別措置法
19540623,法律|政令,昭和二十九年法律第百九十四号,遺産、相続及び贈与に対する租税に関する二重課税の回避及び脱税の防止のための日本国とアメリカ合衆国との間の条約の実施に伴う相続税法の特例等に関する法律
19540623,法律|政令,昭和二十九年法律第百九十五号,出資の受入れ、預り金及び金利等の取締りに関する法律
19540701,法律|政令,昭和二十九年法律第二百五号,日本中央競馬会法
19541220,法律|政令,昭和二十九年法律第二百二十七号,国有の炭鉱医療施設の譲渡及び貸付に関する特例法
19550428,法律|政令,昭和三十三年法律第九十九号,農林漁業団体職員共済組合法
19550630,法律|政令,昭和三十年法律第三十七号,輸入品に対する内国消費税の徴収等に関する法律
19550711,法律|政令,昭和三十年法律第六十三号,住宅融資保険法
19550715,法律|政令,昭和三十年法律第六十八号,昭和二十七年九月三十日以前に給与事由の生じた旧財団法人私学恩給財団の年金の特別措置に関する法律
19550722,法律|政令,昭和三十年法律第八十号,財団法人日本海員会館に対する国有の財産の譲与に関する法律
19550725,法律|政令,昭和三十年法律第八十五号,教育公務員特例法附則第二条の規定の適用を受ける公立学校職員等について学校看護婦としての在職を準教育職員としての在職とみなすことに関する法律
19550729,法律|政令,昭和三十年法律第九十七号,自動車損害賠償保障法
19550730,法律|政令,昭和三十年法律第百四号,地方揮発油税法
19550801,法律|政令,昭和三十年法律第百十三号,地方揮発油譲与税法
19550805,法律|政令,昭和三十年法律第百二十五号,女子教職員の出産に際しての補助教職員の確保に関する法律
19550805,法律|政令,昭和三十年法律第百三十六号,天災による被害農林漁業者等に対する資金の融通に関する暫定措置法
19550816,法律|政令,昭和三十年法律第百六十八号,歯科技工士法
19550827,法律|政令,昭和三十年法律第百七十九号,補助金等に係る予算の執行の適正化に関する法律
19550827,法律|政令,昭和三十年法律第百八十号,養蜂振興法
19551219,法律|政令,昭和三十年法律第百八十八号,原子力委員会設置法
19551219,法律|政令,昭和三十年法律第百八十六号,原子力基本法
19560314,法律|政令,昭和三十一年法律第七号,道路整備特別措置法
19560324,法律|政令,昭和三十一年法律第二十七号,日本学士院法
19560330,法律|政令,昭和三十一年法律第四十号,就学困難な児童及び生徒に係る就学奨励についての国の援助に関する法律
19560414,法律|政令,昭和三十一年法律第七十二号,積雪寒冷特別地域における道路交通の確保に関する特別措置法
19560420,法律|政令,昭和三十一年法律第七十九号,都市公園法
19560420,法律|政令,昭和三十一年法律第八十号,空港法
19560424,法律|政令,昭和三十一年法律第八十二号,国有資産等所在市町村交付金法
19560426,法律|政令,昭和三十一年法律第八十三号,首都圏整備法
19560428,法律|政令,昭和三十一年法律第八十六号,万国著作権条約の実施に伴う著作権法の特例に関する法律
19560512,法律|政令,昭和三十一年法律第百一号,海岸法
19560512,法律|政令,昭和三十一年法律第百二号,農業改良資金融通法
19560521,法律|政令,昭和三十一年法律第百七号,消防団員等公務災害補償等責任共済等に関する法律
19560522,法律|政令,昭和三十一年法律第百十三号,物品管理法
19560522,法律|政令,昭和三十一年法律第百十四号,国の債権の管理等に関する法律
19560524,法律|政令,昭和三十一年法律第百十八号,売春防止法
19560601,法律|政令,昭和三十一年法律第百二十号,下請代金支払遅延等防止法
19560601,法律|政令,昭和三十一年法律第百二十一号,倉庫業法
19560601,法律|政令,昭和三十一年法律第百二十三号,家畜取引法
19560604,法律|政令,昭和三十一年法律第百二十六号,労働保険審査官及び労働保険審査会法
19560606,法律|政令,昭和三十一年法律第百三十二号,国家公務員共済組合法第九十条の規定による公務傷病年金等の額の改定に関する法律
19560606,法律|政令,昭和三十一年法律第百三十三号,昭和二十三年六月三十日以前に給付事由の生じた国家公務員共済組合法等の規定による年金の額の改定に関する法律
19560608,法律|政令,昭和三十一年法律第百三十八号,接収不動産に関する借地借家臨時処理法
19560611,法律|政令,昭和三十一年法律第百四十六号,工業用水法
19560613,法律|政令,昭和三十一年法律第百四十九号,昭和二十三年六月三十日以前に給与事由の生じた恩給等の年額の改定に関する法律
19560620,法律|政令,昭和三十一年法律第百五十七号,夜間課程を置く高等学校における学校給食に関する法律
19560625,法律|政令,昭和三十一年法律第百六十号,安全な血液製剤の安定供給の確保等に関する法律
19560630,法律|政令,昭和三十一年法律第百六十二号,地方教育行政の組織及び運営に関する法律
19560702,法律|政令,昭和三十一年法律第百六十七号,国際金融公社への加盟に伴う措置に関する法律
19561220,法律|政令,昭和三十一年法律第百七十七号,旧軍人等の遺族に対する恩給等の特例に関する法律
19570330,法律|政令,昭和三十二年法律第十八号,私立大学の研究設備に対する国の補助に関する法律
19570331,法律|政令,昭和三十二年法律第二十六号,租税特別措置法
19570331,法律|政令,昭和三十二年法律第三十五号,特定多目的ダム法
19570331,法律|政令,昭和三十二年法律第三十七号,とん税法
19570331,法律|政令,昭和三十二年法律第三十八号,特別とん税法
19570401,法律|政令,昭和三十二年法律第四十八号,国際学会等への加入に伴う分担金の債務負担に関する法律
19570406,法律|政令,昭和三十二年法律第五十五号,揮発油税法
19570415,法律|政令,昭和三十二年法律第六十五号,公衆衛生修学資金貸与法
19570416,法律|政令,昭和三十二年法律第六十八号,国土開発幹線自動車道建設法
19570424,法律|政令,昭和三十二年法律第七十七号,特別とん譲与税法
19570425,法律|政令,昭和三十二年法律第七十九号,高速自動車国道法
19570502,法律|政令,昭和三十二年法律第九十四号,滞納処分と強制執行等との手続の調整に関する法律
19570516,法律|政令,昭和三十二年法律第百四号,国有提供施設等所在市町村助成交付金に関する法律
19570516,法律|政令,昭和三十二年法律第百六号,駐車場法
19570517,法律|政令,昭和三十二年法律第百九号,引揚者給付金等支給法
19570520,法律|政令,昭和三十二年法律第百十五号,国の庁舎等の使用調整等に関する特別措置法
19570520,法律|政令,昭和三十二年法律第百十七号,公立の学校の事務職員の休職の特例に関する法律
19570520,法律|政令,昭和三十二年法律第百十八号,特別支援学校の幼稚部及び高等部における学校給食に関する法律
19570527,法律|政令,昭和三十二年法律第百三十五号,準備預金制度に関する法律
19570527,法律|政令,昭和三十二年法律第百三十六号,預金等に係る不当契約の取締に関する法律
19570531,法律|政令,昭和三十二年法律第百四十三号,公立学校の学校医、学校歯科医及び学校薬剤師の公務災害補償に関する法律
19570531,法律|政令,昭和三十二年法律第百四十五号,農業、水産、工業又は商船に係る産業教育に従事する公立の高等学校の教員及び実習助手に対する産業教育手当の支給に関する法律
19570601,法律|政令,昭和三十二年法律第百六十一号,自然公園法
19570601,法律|政令,昭和三十二年法律第百六十二号,内航海運組合法
19570603,法律|政令,昭和三十二年法律第百六十三号,美容師法
19570603,法律|政令,昭和三十二年法律第百六十四号,生活衛生関係営業の運営の適正化及び振興に関する法律
19570610,法律|政令,昭和三十二年法律第百六十六号,核原料物質、核燃料物質及び原子炉の規制に関する法律
19570610,法律|政令,昭和三十二年法律第百六十七号,放射性同位元素等の規制に関する法律
19570613,法律|政令,昭和三十二年法律第百七十二号,国際海上物品運送法
19570615,法律|政令,昭和三十二年法律第百七十七号,水道法
19571125,法律|政令,昭和三十二年法律第百八十五号,中小企業団体の組織に関する法律
19580310,法律|政令,昭和三十三年法律第六号,銃砲刀剣類所持等取締法
19580325,法律|政令,昭和三十三年法律第十七号,婦人補導院法
19580331,法律|政令,昭和三十三年法律第三十号,地すべり等防止法
19580331,法律|政令,昭和三十三年法律第三十四号,道路整備事業に係る国の財政上の特別措置に関する法律
19580410,法律|政令,昭和三十三年法律第五十六号,学校保健安全法
19580415,法律|政令,昭和三十三年法律第五十七号,分収林特別措置法
19580422,法律|政令,昭和三十三年法律第七十二号,台風常襲地帯における災害の防除に関する特別措置法
19580423,法律|政令,昭和三十三年法律第七十六号,臨床検査技師等に関する法律
19580424,法律|政令,昭和三十三年法律第七十九号,下水道法
19580425,法律|政令,昭和三十三年法律第八十一号,義務教育諸学校等の施設費の国庫負担等に関する法律
19580425,法律|政令,昭和三十三年法律第八十四号,工業用水道事業法
19580428,法律|政令,昭和三十三年法律第九十八号,首都圏の近郊整備地帯及び都市開発区域の整備に関する法律
19580430,法律|政令,昭和三十三年法律第百六号,企業担保法
19580430,法律|政令,昭和三十三年法律第百九号,証人等の被害についての給付に関する法律
19580501,法律|政令,昭和三十三年法律第百十六号,公立義務教育諸学校の学級編制及び教職員定数の標準に関する法律
19580501,法律|政令,昭和三十三年法律第百二十六号,旧令による共済組合等からの年金受給者のための特別措置法等の規定による年金の額の改定に関する法律
19580501,法律|政令,昭和三十三年法律第百二十八号,国家公務員共済組合法
19580501,法律|政令,昭和三十三年法律第百二十九号,国家公務員共済組合法の長期給付に関する施行法
19580502,法律|政令,昭和三十三年法律第百三十四号,水洗炭業に関する法律
19580502,法律|政令,昭和三十三年法律第百三十五号,たばこ耕作組合法
19580506,法律|政令,昭和三十三年法律第百三十八号,電話加入権質に関する臨時特例法
19580510,法律|政令,昭和三十三年法律第百五十号,航空機工業振興法
19580510,法律|政令,昭和三十三年法律第百四十七号,調理師法
19580517,法律|政令,昭和三十三年法律第百五十八号,駐留軍関係離職者等臨時措置法
19580521,法律|政令,昭和三十三年法律第百六十二号,放射線障害防止の技術的基準に関する法律
19581220,法律|政令,昭和三十三年法律第百七十八号,産業投資特別会計の貸付の財源に充てるための外貨債の発行に関する法律
19581227,法律|政令,昭和三十三年法律第百九十二号,国民健康保険法
19581227,法律|政令,昭和三十三年法律第百九十三号,国民健康保険法施行法　抄
19590303,法律|政令,昭和三十四年法律第七号,未帰還者に関する特別措置法
19590320,法律|政令,昭和三十四年法律第二十四号,工場立地法
19590330,法律|政令,昭和三十四年法律第六十七号,特定港湾施設整備特別措置法
19590401,法律|政令,昭和三十四年法律第九十一号,北海道寒冷地畑作営農改善資金融通臨時措置法
19590413,法律|政令,昭和三十四年法律第百二十一号,特許法
19590413,法律|政令,昭和三十四年法律第百二十二号,特許法施行法
19590413,法律|政令,昭和三十四年法律第百二十三号,実用新案法
19590413,法律|政令,昭和三十四年法律第百二十四号,実用新案法施行法
19590413,法律|政令,昭和三十四年法律第百二十五号,意匠法
19590413,法律|政令,昭和三十四年法律第百二十六号,意匠法施行法
19590413,法律|政令,昭和三十四年法律第百二十七号,商標法
19590413,法律|政令,昭和三十四年法律第百二十八号,商標法施行法
19590415,法律|政令,昭和三十四年法律第百三十五号,接収貴金属等の処理に関する法律
19590415,法律|政令,昭和三十四年法律第百三十六号,自動車ターミナル法
19590415,法律|政令,昭和三十四年法律第百三十七号,最低賃金法
19590416,法律|政令,昭和三十四年法律第百四十一号,国民年金法
19590420,法律|政令,昭和三十四年法律第百四十七号,国税徴収法
19590423,法律|政令,昭和三十四年法律第百五十五号,小売商業調整特別措置法
19590509,法律|政令,昭和三十四年法律第百六十号,中小企業退職金共済法
19590515,法律|政令,昭和三十四年法律第百六十五号,連合国財産の返還等に伴う損失の処理等に関する法律
19591211,法律|政令,昭和三十四年法律第百九十四号,核燃料物質の加工の請負に伴う外国人等の責任の免除等に関する法律
19600331,法律|政令,昭和三十五年法律第二十三号,経済及び技術協力のため必要な物品等の外国政府等に対する譲与等に関する法律
19600331,法律|政令,昭和三十五年法律第三十号,じん肺法
19600331,法律|政令,昭和三十五年法律第三十六号,関税暫定措置法
19600331,法律|政令,昭和三十五年法律第三十七号,知的障害者福祉法
19600401,法律|政令,昭和三十五年法律第四十九号,養鶏振興法
19600517,法律|政令,昭和三十五年法律第八十四号,住宅地区改良法
19600520,法律|政令,昭和三十五年法律第八十九号,商工会法
19600623,法律|政令,昭和三十五年法律第百号,裁判官の災害補償に関する法律
19600625,法律|政令,昭和三十五年法律第百五号,道路交通法
19600725,法律|政令,昭和三十五年法律第百二十三号,障害者の雇用の促進等に関する法律
19600801,法律|政令,昭和三十五年法律第百三十九号,電気工事士法
19600810,法律|政令,昭和三十五年法律第百四十五号,医薬品、医療機器等の品質、有効性及び安全性の確保等に関する法律
19600810,法律|政令,昭和三十五年法律第百四十六号,薬剤師法
19601222,法律|政令,昭和三十五年法律第百五十三号,国際開発協会への加盟に伴う措置に関する法律
19610330,法律|政令,昭和三十六年法律第十五号,果樹農業振興特別措置法
19610331,法律|政令,昭和三十六年法律第二十三号,矯正医官修学資金貸与法
19610331,法律|政令,昭和三十六年法律第四十八号,農業協同組合合併助成法
19610506,法律|政令,昭和三十六年法律第八十一号,技術研究組合法
19610601,法律|政令,昭和三十六年法律第百三号,酒に酔つて公衆に迷惑をかける行為の防止等に関する法律
19610602,法律|政令,昭和三十六年法律第百十二号,後進地域の開発に関する公共事業に係る国の負担割合の特例に関する法律
19610608,法律|政令,昭和三十六年法律第百十九号,選挙制度審議会設置法
19610615,法律|政令,昭和三十六年法律第百三十八号,オリンピック東京大会の準備等のために必要な特別措置に関する法律　抄
19610617,法律|政令,昭和三十六年法律第百四十七号,原子力損害の賠償に関する法律
19610617,法律|政令,昭和三十六年法律第百四十八号,原子力損害賠償補償契約に関する法律
19610617,法律|政令,昭和三十六年法律第百五十号,公共用地の取得に関する特別措置法
19610619,法律|政令,昭和三十六年法律第百五十五号,社会福祉施設職員等退職手当共済法
19610701,法律|政令,昭和三十六年法律第百五十九号,割賦販売法
19611030,法律|政令,昭和三十六年法律第百六十二号,北方地域旧漁業権者等に対する特別措置に関する法律
19611101,法律|政令,昭和三十六年法律第百八十三号,畜産経営の安定に関する法律
19611106,法律|政令,昭和三十六年法律第百八十八号,公立高等学校の適正配置及び教職員定数の標準等に関する法律
19611107,法律|政令,昭和三十六年法律第百九十一号,宅地造成等規制法
19611107,法律|政令,昭和三十六年法律第百九十五号,踏切道改良促進法
19611109,法律|政令,昭和三十六年法律第百九十九号,特殊海事損害の賠償の請求に関する特別措置法
19611110,法律|政令,昭和三十六年法律第二百二号,農業近代化資金融通法
19611110,法律|政令,昭和三十六年法律第二百四号,農業信用保証保険法
19611111,法律|政令,昭和三十六年法律第二百十五号,連合国占領軍等の行為等による被害者等に対する給付金の支給に関する法律
19611113,法律|政令,昭和三十六年法律第二百十六号,低開発地域工業開発促進法
19611113,法律|政令,昭和三十六年法律第二百十七号,水資源開発促進法
19611115,法律|政令,昭和三十六年法律第二百二十三号,災害対策基本法
19611116,法律|政令,昭和三十六年法律第二百三十四号,電気用品安全法
19611129,法律|政令,昭和三十六年法律第二百三十八号,児童扶養手当法
19620331,法律|政令,昭和三十七年法律第六十号,義務教育諸学校の教科用図書の無償に関する法律
19620402,法律|政令,昭和三十七年法律第六十六号,国税通則法
19620404,法律|政令,昭和三十七年法律第六十九号,建物の区分所有等に関する法律
19620405,法律|政令,昭和三十七年法律第七十三号,豪雪地帯対策特別措置法
19620425,法律|政令,昭和三十七年法律第八十八号,辺地に係る公共的施設の総合整備のための財政上の特別措置等に関する法律
19620501,法律|政令,昭和三十七年法律第百号,建築物用地下水の採取の規制に関する法律
19620504,法律|政令,昭和三十七年法律第百四号,家庭用品品質表示法
19620510,法律|政令,昭和三十七年法律第百十六号,昭和三十七年度における旧令による共済組合等からの年金受給者のための特別措置法等の規定による年金の額の改定に関する法律
19620510,法律|政令,昭和三十七年法律第百十九号,住居表示に関する法律
19620515,法律|政令,昭和三十七年法律第百三十四号,不当景品類及び不当表示防止法
19620516,法律|政令,昭和三十七年法律第百三十九号,行政事件訴訟法
19620517,法律|政令,昭和三十七年法律第百四十一号,商店街振興組合法
19620518,法律|政令,昭和三十七年法律第百四十二号,都市の美観風致を維持するための樹木の保存に関する法律
19620519,法律|政令,昭和三十七年法律第百四十三号,国土調査促進特別措置法
19620525,法律|政令,昭和三十七年法律第百四十四号,外国居住者等の所得に対する相互主義による所得税等の非課税等に関する法律
19620601,法律|政令,昭和三十七年法律第百四十五号,自動車の保管場所の確保等に関する法律
19620906,法律|政令,昭和三十七年法律第百五十号,激甚災害に対処するための特別の財政援助等に関する法律
19620908,法律|政令,昭和三十七年法律第百五十二号,地方公務員等共済組合法
19620908,法律|政令,昭和三十七年法律第百五十三号,地方公務員等共済組合法の長期給付等に関する施行法
19630330,法律|政令,昭和三十八年法律第五十六号,森林組合合併助成法
19630331,法律|政令,昭和三十八年法律第六十一号,戦没者等の妻に対する特別給付金支給法
19630331,法律|政令,昭和三十八年法律第六十三号,外貨公債の発行に関する法律
19630401,法律|政令,昭和三十八年法律第八十一号,共同溝の整備等に関する特別措置法
19630610,法律|政令,昭和三十八年法律第百一号,中小企業投資育成株式会社法
19630709,法律|政令,昭和三十八年法律第百二十五号,商業登記法
19630709,法律|政令,昭和三十八年法律第百二十六号,商業登記法の施行に伴う関係法令の整理等に関する法律　抄
19630710,法律|政令,昭和三十八年法律第百二十九号,近畿圏整備法
19630710,法律|政令,昭和三十八年法律第百三十号,明治三十二年発行の英貨公債を償還する等のため発行する外貨公債に関する特別措置法
19630711,法律|政令,昭和三十八年法律第百三十三号,老人福祉法
19630711,法律|政令,昭和三十八年法律第百三十四号,新住宅市街地開発法
19630712,法律|政令,昭和三十八年法律第百三十七号,豪雪に際して地方公共団体が行なう公共の施設の除雪事業に要する費用の補助に関する特別措置法
19630712,法律|政令,昭和三十八年法律第百三十八号,刑事事件における第三者所有物の没収手続に関する応急措置法
19630715,法律|政令,昭和三十八年法律第百四十七号,中小企業支援法
19630716,法律|政令,昭和三十八年法律第百五十二号,不動産の鑑定評価に関する法律
19630720,法律|政令,昭和三十八年法律第百五十四号,中小企業基本法
19630803,法律|政令,昭和三十八年法律第百六十八号,戦傷病者特別援護法
19631221,法律|政令,昭和三十八年法律第百八十二号,義務教育諸学校の教科用図書の無償措置に関する法律
19640520,法律|政令,昭和三十九年法律第八十三号,国事行為の臨時代行に関する法律
19640610,法律|政令,昭和三十九年法律第百号,遺言の方式の準拠法に関する法律
19640615,法律|政令,昭和三十九年法律第百一号,自家用自動車の一時輸入に関する通関条約の実施に伴う関税法等の特例に関する法律
19640618,法律|政令,昭和三十九年法律第百六号,大規模な公有水面の埋立てに伴う村の設置に係る地方自治法等の特例に関する法律
19640618,法律|政令,昭和三十九年法律第百九号,道路交通に関する条約の実施に伴う道路運送車両法の特例等に関する法律
19640622,法律|政令,昭和三十九年法律第百十一号,新幹線鉄道における列車運行の安全を妨げる行為の処罰に関する特例法
19640629,法律|政令,昭和三十九年法律第百十八号,労働災害防止団体法
19640630,法律|政令,昭和三十九年法律第百二十三号,公認会計士特例試験等に関する法律　抄
19640701,法律|政令,昭和三十九年法律第百二十九号,母子及び父子並びに寡婦福祉法
19640702,法律|政令,昭和三十九年法律第百三十四号,特別児童扶養手当等の支給に関する法律
19640703,法律|政令,昭和三十九年法律第百四十五号,近畿圏の近郊整備区域及び都市開発区域の整備及び開発に関する法律
19640704,法律|政令,昭和三十九年法律第百五十号,日本電気計器検定所法
19640707,法律|政令,昭和三十九年法律第百五十五号,保健所において執行される事業等に伴う経理事務の合理化に関する特別措置法
19640708,法律|政令,昭和三十九年法律第百五十八号,漁業災害補償法
19640709,法律|政令,昭和三十九年法律第百六十一号,森林・林業基本法
19640710,法律|政令,昭和三十九年法律第百六十七号,河川法
19640710,法律|政令,昭和三十九年法律第百六十八号,河川法施行法　抄
19640711,法律|政令,昭和三十九年法律第百七十号,電気事業法
19650331,法律|政令,昭和四十年法律第三十三号,所得税法
19650331,法律|政令,昭和四十年法律第三十四号,法人税法
19650401,法律|政令,昭和四十年法律第三十八号,地方行政連絡会議法
19650511,法律|政令,昭和四十年法律第六十四号,山村振興法
19650526,法律|政令,昭和四十年法律第八十五号,閉鎖機関令等の規定によつてされた信託の処理に関する法律
19650601,法律|政令,昭和四十年法律第百号,戦没者等の遺族に対する特別弔慰金支給法
19650601,法律|政令,昭和四十年法律第百一号,昭和四十年度における旧令による共済組合等からの年金受給者のための特別措置法等の規定による年金の額の改定に関する法律
19650601,法律|政令,昭和四十年法律第百二号,小規模企業共済法
19650602,法律|政令,昭和四十年法律第百九号,砂糖及びでん粉の価格調整に関する法律
19650603,法律|政令,昭和四十年法律第百十八号,地方公共団体の議会の解散に関する特例法
19650610,法律|政令,昭和四十年法律第百二十四号,地方住宅供給公社法
19650612,法律|政令,昭和四十年法律第百三十三号,国有の会議場施設の管理の委託等に関する特別措置法
19650629,法律|政令,昭和四十年法律第百三十七号,理学療法士及び作業療法士法
19650818,法律|政令,昭和四十年法律第百四十一号,母子保健法
19651217,法律|政令,昭和四十年法律第百四十四号,財産及び請求権に関する問題の解決並びに経済協力に関する日本国と大韓民国との間の協定第二条の実施に伴う大韓民国等の財産権に対する措置に関する法律
19651229,法律|政令,昭和四十年法律第百五十六号,石油ガス税法
19651229,法律|政令,昭和四十年法律第百五十七号,石油ガス譲与税法
19660113,法律|政令,昭和四十一年法律第一号,古都における歴史的風土の保存に関する特別措置法
19660331,法律|政令,昭和四十一年法律第二十号,都市開発資金の貸付けに関する法律
19660401,法律|政令,昭和四十一年法律第四十五号,交通安全施設等整備事業の推進に関する法律
19660418,法律|政令,昭和四十一年法律第五十二号,最高裁判所裁判官退職手当特例法
19660518,法律|政令,昭和四十一年法律第七十三号,地震保険に関する法律
19660630,法律|政令,昭和四十一年法律第九十七号,官公需についての中小企業者の受注の確保に関する法律
19660630,法律|政令,昭和四十一年法律第九十九号,行政相談委員法
19660630,法律|政令,昭和四十一年法律第百一号,首都圏近郊緑地保全法
19660701,法律|政令,昭和四十一年法律第百三号,野菜生産出荷安定法
19660701,法律|政令,昭和四十一年法律第百五号,日本万国博覧会の準備及び運営のために必要な特別措置に関する法律　抄
19660701,法律|政令,昭和四十一年法律第百九号,戦傷病者等の妻に対する特別給付金支給法
19660701,法律|政令,昭和四十一年法律第百十号,流通業務市街地の整備に関する法律
19660701,法律|政令,昭和四十一年法律第百十一号,執行官法
19660701,法律|政令,昭和四十一年法律第百二号,中部圏開発整備法
19660702,法律|政令,昭和四十一年法律第百十四号,首都圏、近畿圏及び中部圏の近郊整備地帯等の整備のための国の財政上の特別措置に関する法律
19660704,法律|政令,昭和四十一年法律第百十九号,小型船造船業法
19660704,法律|政令,昭和四十一年法律第百十五号,製菓衛生師法
19660709,法律|政令,昭和四十一年法律第百二十六号,入会林野等に係る権利関係の近代化の助長に関する法律
19660721,法律|政令,昭和四十一年法律第百三十二号,労働施策の総合的な推進並びに労働者の雇用の安定及び職業生活の充実等に関する法律
19660725,法律|政令,昭和四十一年法律第百三十三号,日本勤労者住宅協会法
19660824,法律|政令,昭和四十一年法律第百三十八号,アジア開発銀行への加盟に伴う措置に関する法律
19670531,法律|政令,昭和四十二年法律第二十三号,印紙税法
19670612,法律|政令,昭和四十二年法律第三十五号,登録免許税法
19670714,法律|政令,昭和四十二年法律第五十七号,戦没者の父母等に対する特別給付金支給法
19670714,法律|政令,昭和四十二年法律第六十号,外国人漁業の規制に関する法律
19670715,法律|政令,昭和四十二年法律第六十一号,船員災害防止活動の促進に関する法律
19670721,法律|政令,昭和四十二年法律第七十五号,土地収用法の一部を改正する法律施行法　抄
19670724,法律|政令,昭和四十二年法律第七十八号,漁業協同組合合併促進法
19670725,法律|政令,昭和四十二年法律第八十一号,住民基本台帳法
19670727,法律|政令,昭和四十二年法律第八十六号,札幌オリンピック冬季大会の準備等のために必要な特別措置に関する法律　抄
19670728,法律|政令,昭和四十二年法律第九十二号,炭鉱災害による一酸化炭素中毒症に関する特別措置法
19670731,法律|政令,昭和四十二年法律第百二号,中部圏の都市整備区域、都市開発区域及び保全区域の整備等に関する法律
19670731,法律|政令,昭和四十二年法律第百三号,近畿圏の保全区域の整備に関する法律
19670731,法律|政令,昭和四十二年法律第百四号,昭和四十二年度以後における国家公務員等共済組合等からの年金の額の改定に関する法律
19670731,法律|政令,昭和四十二年法律第百五号,昭和四十二年度以後における地方公務員等共済組合法の年金の額の改定等に関する法律
19670801,法律|政令,昭和四十二年法律第百十号,公共用飛行場周辺における航空機騒音による障害の防止等に関する法律
19670801,法律|政令,昭和四十二年法律第百十四号,引揚者等に対する特別交付金の支給に関する法律
19670801,法律|政令,昭和四十二年法律第百二十一号,地方公務員災害補償法
19670801,法律|政令,昭和四十二年法律第百二十二号,通関業法
19670802,法律|政令,昭和四十二年法律第百三十号,計理士の名称の使用に関する法律
19670802,法律|政令,昭和四十二年法律第百三十一号,土砂等を運搬する大型自動車による交通事故の防止等に関する特別措置法
19670816,法律|政令,昭和四十二年法律第百三十五号,石炭鉱業年金基金法
19671228,法律|政令,昭和四十二年法律第百四十九号,液化石油ガスの保安の確保及び取引の適正化に関する法律
19680417,法律|政令,昭和四十三年法律第十七号,南九州畑作営農改善資金融通臨時措置法
19680530,法律|政令,昭和四十三年法律第七十四号,砂利採取法
19680530,法律|政令,昭和四十三年法律第七十八号,消費者基本法
19680601,法律|政令,昭和四十三年法律第八十三号,小笠原諸島の復帰に伴う法令の適用の暫定措置等に関する法律
19680601,法律|政令,昭和四十三年法律第八十六号,金融機関の合併及び転換に関する法律
19680603,法律|政令,昭和四十三年法律第九十一号,観光施設財団抵当法
19680603,法律|政令,昭和四十三年法律第八十九号,社会保険労務士法
19680610,法律|政令,昭和四十三年法律第九十七号,大気汚染防止法
19680610,法律|政令,昭和四十三年法律第九十八号,騒音規制法
19680615,法律|政令,昭和四十三年法律第百号,都市計画法
19680615,法律|政令,昭和四十三年法律第百一号,都市計画法施行法　抄
19680619,法律|政令,昭和四十三年法律第百二号,公海に関する条約の実施に伴う海底電線等の損壊行為の処罰に関する法律
19690516,法律|政令,昭和四十四年法律第三十三号,行政機関の職員の定員に関する法律
19690603,法律|政令,昭和四十四年法律第三十八号,都市再開発法
19690617,法律|政令,昭和四十四年法律第四十六号,租税条約等の実施に伴う所得税法、法人税法及び地方税法の特例等に関する法律
19690623,法律|政令,昭和四十四年法律第四十九号,地価公示法
19690626,法律|政令,昭和四十四年法律第五十二号,漁業近代化資金融通法
19690701,法律|政令,昭和四十四年法律第五十七号,急傾斜地の崩壊による災害の防止に関する法律
19690701,法律|政令,昭和四十四年法律第五十八号,農業振興地域の整備に関する法律
19690718,法律|政令,昭和四十四年法律第六十四号,職業能力開発促進法
19691208,法律|政令,昭和四十四年法律第七十九号,小笠原諸島振興開発特別措置法
19691208,法律|政令,昭和四十四年法律第八十号,開拓者資金に係る政府の貸付金債権の償還条件の緩和及び農林漁業金融公庫への移管等に関する特別措置法
19691209,法律|政令,昭和四十四年法律第八十四号,労働保険の保険料の徴収等に関する法律
19691209,法律|政令,昭和四十四年法律第八十五号,失業保険法及び労働者災害補償保険法の一部を改正する法律及び労働保険の保険料の徴収等に関する法律の施行に伴う関係法律の整備等に関する法律　抄
19691216,法律|政令,昭和四十四年法律第九十四号,昭和四十四年度以後における私立学校教職員共済組合からの年金の額の改定に関する法律
19700328,法律|政令,昭和四十五年法律第七号,成田国際空港周辺整備のための国の財政上の特別措置に関する法律
19700401,法律|政令,昭和四十五年法律第十三号,利率等の表示の年利建て移行に関する法律　抄
19700403,法律|政令,昭和四十五年法律第十五号,不動産鑑定士特例試験及び不動産鑑定士補特例試験に関する法律　抄
19700403,法律|政令,昭和四十五年法律第十六号,自転車道の整備等に関する法律
19700414,法律|政令,昭和四十五年法律第十九号,柔道整復師法
19700414,法律|政令,昭和四十五年法律第二十号,建築物における衛生的環境の確保に関する法律
19700428,法律|政令,昭和四十五年法律第三十三号,沖縄の弁護士資格者等に対する本邦の弁護士資格等の付与に関する特別措置法
19700506,法律|政令,昭和四十五年法律第四十八号,著作権法
19700516,法律|政令,昭和四十五年法律第六十号,家内労働法
19700518,法律|政令,昭和四十五年法律第六十八号,航空機の強取等の処罰に関する法律
19700518,法律|政令,昭和四十五年法律第七十一号,全国新幹線鉄道整備法
19700519,法律|政令,昭和四十五年法律第七十五号,タクシー業務適正化特別措置法
19700519,法律|政令,昭和四十五年法律第七十三号,筑波研究学園都市建設法
19700520,法律|政令,昭和四十五年法律第七十七号,清酒製造業等の安定に関する特別措置法
19700520,法律|政令,昭和四十五年法律第八十二号,地方道路公社法
19700521,法律|政令,昭和四十五年法律第八十四号,障害者基本法
19700522,法律|政令,昭和四十五年法律第八十九号,林業種苗法
19700522,法律|政令,昭和四十五年法律第九十号,情報処理の促進に関する法律
19700523,法律|政令,昭和四十五年法律第九十六号,電気工事業の業務の適正化に関する法律
19700525,法律|政令,昭和四十五年法律第九十八号,青少年の雇用の促進等に関する法律
19700528,法律|政令,昭和四十五年法律第百六号,外国政府等に対する米穀の売渡しに関する暫定措置法
19700601,法律|政令,昭和四十五年法律第百八号,公害紛争処理法
19700601,法律|政令,昭和四十五年法律第百十号,交通安全対策基本法
19700601,法律|政令,昭和四十五年法律第百十二号,航空機内で行なわれた犯罪その他ある種の行為に関する条約第十三条の規定の実施に関する法律
19700605,法律|政令,昭和四十五年法律第百十五号,民事訴訟手続に関する条約等の実施に伴う民事訴訟手続の特例等に関する法律
19701217,法律|政令,昭和四十五年法律第百十七号,国際機関等に派遣される一般職の国家公務員の処遇等に関する法律
19701225,法律|政令,昭和四十五年法律第百三十三号,公害防止事業費事業者負担法
19701225,法律|政令,昭和四十五年法律第百三十六号,海洋汚染等及び海上災害の防止に関する法律
19701225,法律|政令,昭和四十五年法律第百三十七号,廃棄物の処理及び清掃に関する法律
19701225,法律|政令,昭和四十五年法律第百三十八号,水質汚濁防止法
19701225,法律|政令,昭和四十五年法律第百三十九号,農用地の土壌の汚染防止等に関する法律
19701225,法律|政令,昭和四十五年法律第百四十二号,人の健康に係る公害犯罪の処罰に関する法律
19701226,法律|政令,昭和四十五年法律第百四十五号,下請中小企業振興法
19710401,法律|政令,昭和四十六年法律第三十二号,農地所有者等賃貸住宅建設融資利子補給臨時措置法
19710401,法律|政令,昭和四十六年法律第三十四号,預金保険法
19710403,法律|政令,昭和四十六年法律第三十五号,卸売市場法
19710406,法律|政令,昭和四十六年法律第四十号,民事訴訟費用等に関する法律
19710406,法律|政令,昭和四十六年法律第四十一号,刑事訴訟費用等に関する法律
19710406,法律|政令,昭和四十六年法律第四十二号,民事訴訟費用等に関する法律及び刑事訴訟費用等に関する法律施行法　抄
19710415,法律|政令,昭和四十六年法律第四十五号,国際協力銀行法による貸付金の利息の特例等に関する法律
19710517,法律|政令,昭和四十六年法律第六十号,海洋水産資源開発促進法
19710520,法律|政令,昭和四十六年法律第六十四号,視能訓練士法
19710522,法律|政令,昭和四十六年法律第六十五号,コンテナーに関する通関条約及び国際道路運送手帳による担保の下で行なう貨物の国際運送に関する通関条約（ＴＩＲ条約）の実施に伴う関税法等の特例に関する法律
19710525,法律|政令,昭和四十六年法律第六十八号,高年齢者等の雇用の安定等に関する法律
19710526,法律|政令,昭和四十六年法律第七十号,公害の防止に関する事業に係る国の財政上の特別措置に関する法律
19710527,法律|政令,昭和四十六年法律第七十三号,児童手当法
19710528,法律|政令,昭和四十六年法律第七十七号,公立の義務教育諸学校等の教育職員の給与等に関する特別措置法
19710531,法律|政令,昭和四十六年法律第八十九号,自動車重量税法
19710531,法律|政令,昭和四十六年法律第九十号,自動車重量譲与税法
19710601,法律|政令,昭和四十六年法律第九十一号,悪臭防止法
19710601,法律|政令,昭和四十六年法律第九十二号,勤労者財産形成促進法
19710610,法律|政令,昭和四十六年法律第百七号,特定工場における公害防止組織の整備に関する法律
19710610,法律|政令,昭和四十六年法律第百八号,国有林野の活用に関する法律
19710616,法律|政令,昭和四十六年法律第百十一号,積立式宅地建物販売業法
19710621,法律|政令,昭和四十六年法律第百十二号,農村地域への産業の導入の促進等に関する法律
19711231,法律|政令,昭和四十六年法律第百二十九号,沖縄の復帰に伴う特別措置に関する法律
19720331,法律|政令,昭和四十七年法律第七号,航空機燃料税法
19720401,法律|政令,昭和四十七年法律第十三号,航空機燃料譲与税法
19720424,法律|政令,昭和四十七年法律第十七号,火炎びんの使用等の処罰に関する法律
19720501,法律|政令,昭和四十七年法律第二十四号,沖縄国際海洋博覧会の準備及び運営のために必要な特別措置に関する法律　抄
19720513,法律|政令,昭和四十七年法律第三十一号,沖縄振興開発金融公庫法
19720513,法律|政令,昭和四十七年法律第三十三号,沖縄の復帰に伴う防衛庁関係法律の適用の特別措置等に関する法律　抄
19720529,法律|政令,昭和四十七年法律第四十一号,日本下水道事業団法
19720601,法律|政令,昭和四十七年法律第五十号,郵便切手類模造等取締法
19720603,法律|政令,昭和四十七年法律第五十二号,公害等調整委員会設置法
19720608,法律|政令,昭和四十七年法律第五十七号,労働安全衛生法
19720615,法律|政令,昭和四十七年法律第六十六号,公有地の拡大の推進に関する法律
19720622,法律|政令,昭和四十七年法律第八十五号,自然環境保全法
19720622,法律|政令,昭和四十七年法律第八十六号,新都市基盤整備法
19720622,法律|政令,昭和四十七年法律第八十八号,熱供給事業法
19720626,法律|政令,昭和四十七年法律第百五号,石油パイプライン事業法
19720626,法律|政令,昭和四十七年法律第百七号,飛鳥地方における歴史的風土及び文化財の保存等に必要な資金に充てるための寄附金つき郵便葉書等の発行の特例に関する法律
19720701,法律|政令,昭和四十七年法律第百十三号,雇用の分野における男女の均等な機会及び待遇の確保等に関する法律
19720703,法律|政令,昭和四十七年法律第百十五号,海上交通安全法
19720705,法律|政令,昭和四十七年法律第百十七号,警備業法
19721117,法律|政令,昭和四十七年法律第百二十九号,都市モノレールの整備の促進に関する法律
19721208,法律|政令,昭和四十七年法律第百三十二号,防災のための集団移転促進事業に係る国の財政上の特別措置等に関する法律
19730331,法律|政令,昭和四十八年法律第七号,財政融資資金の長期運用に対する特別措置に関する法律
19730501,法律|政令,昭和四十八年法律第二十六号,金属鉱業等鉱害対策特別措置法
19730606,法律|政令,昭和四十八年法律第三十一号,消費生活用製品安全法
19730626,法律|政令,昭和四十八年法律第三十八号,アフリカ開発基金への参加に伴う措置に関する法律
19730706,法律|政令,昭和四十八年法律第四十八号,生活関連物資等の買占め及び売惜しみに対する緊急措置に関する法律
19730716,法律|政令,昭和四十八年法律第五十三号,農水産業協同組合貯金保険法
19730724,法律|政令,昭和四十八年法律第六十一号,活動火山対策特別措置法
19730811,法律|政令,昭和四十八年法律第七十号,物品の一時輸入のための通関手帳に関する通関条約（ＡＴＡ条約）の実施に伴う関税法等の特例に関する法律
19730901,法律|政令,昭和四十八年法律第七十二号,都市緑地法
19730918,法律|政令,昭和四十八年法律第八十二号,災害弔慰金の支給等に関する法律
19730928,法律|政令,昭和四十八年法律第百号,水銀等による水産動植物の汚染に係る被害漁業者等に対する資金の融通に関する特別措置法
19730929,法律|政令,昭和四十八年法律第百一号,中小小売商業振興法
19730929,法律|政令,昭和四十八年法律第百二号,特定市街化区域農地の固定資産税の課税の適正化に伴う宅地化促進臨時措置法
19731001,法律|政令,昭和四十八年法律第百五号,動物の愛護及び管理に関する法律
19731002,法律|政令,昭和四十八年法律第百十号,瀬戸内海環境保全特別措置法
19731005,法律|政令,昭和四十八年法律第百十一号,公害健康被害の補償等に関する法律
19731012,法律|政令,昭和四十八年法律第百十二号,有害物質を含有する家庭用品の規制に関する法律
19731012,法律|政令,昭和四十八年法律第百十三号,運輸安全委員会設置法
19731016,法律|政令,昭和四十八年法律第百十七号,化学物質の審査及び製造等の規制に関する法律
19731017,法律|政令,昭和四十八年法律第百十八号,水源地域対策特別措置法
19731222,法律|政令,昭和四十八年法律第百二十一号,国民生活安定緊急措置法
19731222,法律|政令,昭和四十八年法律第百二十二号,石油需給適正化法
19740225,法律|政令,昭和四十九年法律第二号,学校教育の水準の維持向上のための義務教育諸学校の教育職員の人材確保に関する特別措置法
19740517,法律|政令,昭和四十九年法律第四十九号,沿岸漁場整備開発法
19740525,法律|政令,昭和四十九年法律第五十七号,伝統的工芸品産業の振興に関する法律
19740601,法律|政令,昭和四十九年法律第六十八号,生産緑地法
19740606,法律|政令,昭和四十九年法律第七十八号,発電用施設周辺地域整備法
19740606,法律|政令,昭和四十九年法律第七十九号,電源開発促進税法
19740619,法律|政令,昭和四十九年法律第八十七号,航空の危険を生じさせる行為等の処罰に関する法律
19740625,法律|政令,昭和四十九年法律第九十二号,国土利用計画法
19740627,法律|政令,昭和四十九年法律第百一号,防衛施設周辺の生活環境の整備等に関する法律
19741228,法律|政令,昭和四十九年法律第百十六号,雇用保険法
19750501,法律|政令,昭和五十年法律第二十八号,作業環境測定法
19750523,法律|政令,昭和五十年法律第三十一号,下水道の整備等に伴う一般廃棄物処理業等の合理化に関する特別措置法
19750710,法律|政令,昭和五十年法律第五十七号,自動車安全運転センター法
19750711,法律|政令,昭和五十年法律第六十一号,私立学校振興助成法
19750716,法律|政令,昭和五十年法律第六十七号,大都市地域における住宅及び住宅地の供給の促進に関する特別措置法
19751217,法律|政令,昭和五十年法律第八十四号,石油コンビナート等災害防止法
19751225,法律|政令,昭和五十年法律第八十九号,昭和五十年度の公債の発行の特例に関する法律
19751227,法律|政令,昭和五十年法律第九十四号,船舶の所有者等の責任の制限に関する法律
19751227,法律|政令,昭和五十年法律第九十五号,船舶油濁損害賠償保障法
19751227,法律|政令,昭和五十年法律第九十六号,石油の備蓄の確保等に関する法律
19760527,法律|政令,昭和五十一年法律第三十三号,建設労働者の雇用の改善等に関する法律
19760527,法律|政令,昭和五十一年法律第三十四号,賃金の支払の確保等に関する法律
19760529,法律|政令,昭和五十一年法律第三十八号,経済協力開発機構金融支援基金への加盟に伴う措置に関する法律
19760529,法律|政令,昭和五十一年法律第四十号,米州開発銀行への加盟に伴う措置に関する法律
19760601,法律|政令,昭和五十一年法律第四十二号,林業・木材産業改善資金助成法
19760601,法律|政令,昭和五十一年法律第四十三号,漁業経営の改善及び再建整備に関する特別措置法
19760604,法律|政令,昭和五十一年法律第五十七号,特定商取引に関する法律
19760610,法律|政令,昭和五十一年法律第六十四号,振動規制法
19760622,法律|政令,昭和五十一年法律第七十二号,国際連合大学本部に関する国際連合と日本国との間の協定の実施に伴う特別措置法
19761016,法律|政令,昭和五十一年法律第七十三号,昭和五十一年度の公債の発行の特例に関する法律
19761125,法律|政令,昭和五十一年法律第八十八号,揮発油等の品質の確保等に関する法律
19770223,法律|政令,昭和五十二年法律第一号,農業共済再保険特別会計における農作物共済及び果樹共済に係る再保険金の支払財源の不足に充てるための一般会計からする繰入金等に関する法律
19770430,法律|政令,昭和五十二年法律第二十八号,国際農業開発基金への加盟に伴う措置に関する法律
19770502,法律|政令,昭和五十二年法律第三十号,領海及び接続水域に関する法律
19770504,法律|政令,昭和五十二年法律第三十五号,昭和五十一年分所得税の特別減税の実施のための財政処理の特別措置に関する法律
19770518,法律|政令,昭和五十二年法律第四十号,沖縄県の区域内における位置境界不明地域内の各筆の土地の位置境界の明確化等に関する特別措置法
19770528,法律|政令,昭和五十二年法律第五十号,昭和五十二年度の公債の発行の特例に関する法律
19770531,法律|政令,昭和五十二年法律第五十四号,電子情報処理組織による輸出入等関連業務の処理等に関する法律
19770601,法律|政令,昭和五十二年法律第六十号,外国等による本邦外航船舶運航事業者に対する不利益な取扱いに対する特別措置に関する法律
19770601,法律|政令,昭和五十二年法律第六十二号,海上衝突予防法
19770625,法律|政令,昭和五十二年法律第七十四号,中小企業の事業活動の機会の確保のための大企業者の事業活動の調整に関する法律
19771205,法律|政令,昭和五十二年法律第八十四号,中小企業倒産防止共済法
19771223,法律|政令,昭和五十二年法律第九十三号,水産加工業施設改良資金融通臨時措置法
19771226,法律|政令,昭和五十二年法律第九十四号,国際協定の締結等に伴う漁業離職者に関する臨時措置法
19771226,法律|政令,昭和五十二年法律第九十六号,船員の雇用の促進に関する特別措置法
19780218,法律|政令,昭和五十三年法律第四号,決算調整資金に関する法律
19780418,法律|政令,昭和五十三年法律第二十五号,石油石炭税法
19780420,法律|政令,昭和五十三年法律第二十六号,特定空港周辺航空機騒音対策特別措置法
19780426,法律|政令,昭和五十三年法律第三十号,特許協力条約に基づく国際出願等に関する法律
19780501,法律|政令,昭和五十三年法律第三十六号,森林組合法
19780513,法律|政令,昭和五十三年法律第四十二号,成田国際空港の安全確保に関する緊急措置法
19780515,法律|政令,昭和五十三年法律第四十三号,昭和五十三年度における財政処理のための公債の発行及び専売納付金の納付の特例に関する法律
19780516,法律|政令,昭和五十三年法律第四十八号,人質による強要行為等の処罰に関する法律
19780615,法律|政令,昭和五十三年法律第七十三号,大規模地震対策特別措置法
19780620,法律|政令,昭和五十三年法律第七十八号,仮登記担保契約に関する法律
19780621,法律|政令,昭和五十三年法律第八十号,職員団体等に対する法人格の付与に関する法律
19780621,法律|政令,昭和五十三年法律第八十一号,日本国と大韓民国との間の両国に隣接する大陸棚の南部の共同開発に関する協定の実施に伴う石油及び可燃性天然ガス資源の開発に関する特別措置法
19781111,法律|政令,昭和五十三年法律第百一号,無限連鎖講の防止に関する法律
19781114,法律|政令,昭和五十三年法律第百三号,特定船舶製造業安定事業協会法
19781115,法律|政令,昭和五十三年法律第百四号,水俣病の認定業務の促進に関する臨時措置法
19790330,法律|政令,昭和五十四年法律第四号,民事執行法
19790427,法律|政令,昭和五十四年法律第二十五号,沿岸漁業改善資金助成法
19790502,法律|政令,昭和五十四年法律第二十六号,昭和五十四年度の公債の発行の特例に関する法律
19790510,法律|政令,昭和五十四年法律第三十三号,特定ガス消費機器の設置工事の監督に関する法律
19790612,法律|政令,昭和五十四年法律第四十三号,元号法
19790622,法律|政令,昭和五十四年法律第四十九号,エネルギーの使用の合理化等に関する法律
19790628,法律|政令,昭和五十四年法律第五十一号,林業経営基盤の強化等の促進のための資金の融通等に関する暫定措置法
19800219,法律|政令,昭和五十五年法律第三号,農業共済再保険特別会計における果樹共済に係る再保険金及び漁船再保険及漁業共済保険特別会計における漁業共済に係る保険金の支払財源の不足に充てるための一般会計からする繰入金に関する法律
19800501,法律|政令,昭和五十五年法律第三十四号,幹線道路の沿道の整備に関する法律
19800501,法律|政令,昭和五十五年法律第三十六号,犯罪被害者等給付金の支給等による犯罪被害者等の支援に関する法律
19800502,法律|政令,昭和五十五年法律第三十七号,昭和五十五年度の公債の発行の特例に関する法律
19800506,法律|政令,昭和五十五年法律第四十号,船舶のトン数の測度に関する法律
19800526,法律|政令,昭和五十五年法律第六十号,明日香村における歴史的風土の保存及び生活環境の整備等に関する特別措置法
19800528,法律|政令,昭和五十五年法律第六十五号,農業経営基盤強化促進法
19800528,法律|政令,昭和五十五年法律第六十三号,地震防災対策強化地域における地震対策緊急整備事業に係る国の財政上の特別措置に関する法律
19800529,法律|政令,昭和五十五年法律第六十九号,国際捜査共助等に関する法律
19800530,法律|政令,昭和五十五年法律第七十一号,非化石エネルギーの開発及び導入の促進に関する法律
19801121,法律|政令,昭和五十五年法律第八十六号,農住組合法
19801125,法律|政令,昭和五十五年法律第八十七号,自転車の安全利用の促進及び自転車等の駐車対策の総合的推進に関する法律
19801128,法律|政令,昭和五十五年法律第九十一号,こどもの国協会の解散及び事業の承継に関する法律
19810216,法律|政令,昭和五十六年法律第一号,農業共済再保険特別会計における農作物共済、畑作物共済及び果樹共済に係る再保険金の支払財源の不足に充てるための一般会計からする繰入金等に関する法律
19810417,法律|政令,昭和五十六年法律第二十四号,国際科学技術博覧会の準備及び運営のために必要な特別措置に関する法律
19810425,法律|政令,昭和五十六年法律第二十八号,特定外貿埠頭の管理運営に関する法律
19810511,法律|政令,昭和五十六年法律第三十九号,財政運営に必要な財源の確保を図るための特別措置に関する法律
19810515,法律|政令,昭和五十六年法律第四十一号,アフリカ開発銀行への加盟に伴う措置に関する法律
19810515,法律|政令,昭和五十六年法律第四十二号,一次産品のための共通基金への加盟に伴う措置に関する法律
19810601,法律|政令,昭和五十六年法律第五十九号,銀行法
19810609,法律|政令,昭和五十六年法律第七十二号,本州四国連絡橋の建設に伴う一般旅客定期航路事業等に関する特別措置法
19810609,法律|政令,昭和五十六年法律第六十八号,公衆浴場の確保のための特別措置に関する法律
19810610,法律|政令,昭和五十六年法律第七十六号,広域臨海環境整備センター法
19811204,法律|政令,昭和五十六年法律第九十三号,行政改革を推進するため当面講ずべき措置の一環としての国の補助金等の縮減その他の臨時の特例措置に関する法律
19820219,法律|政令,昭和五十七年法律第二号,農業共済再保険特別会計における農作物共済、畑作物共済及び果樹共済に係る再保険金の支払財源の不足に充てるための一般会計からする繰入金に関する法律
19820501,法律|政令,昭和五十七年法律第四十一号,昭和五十七年度の公債の発行の特例に関する法律
19820608,法律|政令,昭和五十七年法律第六十一号,細菌兵器（生物兵器）及び毒素兵器の開発、生産及び貯蔵の禁止並びに廃棄に関する条約等の実施に関する法律
19820716,法律|政令,昭和五十七年法律第六十四号,深海底鉱業暫定措置法
19820817,法律|政令,昭和五十七年法律第八十号,高齢者の医療の確保に関する法律
19820831,法律|政令,昭和五十七年法律第八十五号,北方領土問題等の解決の促進のための特別措置に関する法律
19820901,法律|政令,昭和五十七年法律第八十九号,公立の大学における外国人教員の任用等に関する特別措置法
19830427,法律|政令,昭和五十八年法律第二十五号,技術士法
19830513,法律|政令,昭和五十八年法律第三十二号,貸金業法
19830518,法律|政令,昭和五十八年法律第四十三号,浄化槽法
19830520,法律|政令,昭和五十八年法律第四十五号,昭和五十八年度の財政運営に必要な財源の確保を図るための特別措置に関する法律
19830520,法律|政令,昭和五十八年法律第四十六号,国民年金特別会計への国庫負担金の繰入れの平準化を図るための一般会計からする繰入れの特例に関する法律
19830525,法律|政令,昭和五十八年法律第五十六号,医学及び歯学の教育のための献体に関する法律
19840518,法律|政令,昭和五十九年法律第三十四号,地力増進法
19840630,法律|政令,昭和五十九年法律第五十二号,昭和五十九年度の財政運営に必要な財源の確保を図るための特別措置等に関する法律
19840727,法律|政令,昭和五十九年法律第六十一号,湖沼水質保全特別措置法
19840810,法律|政令,昭和五十九年法律第六十八号,たばこ事業法
19840810,法律|政令,昭和五十九年法律第六十九号,日本たばこ産業株式会社法
19840810,法律|政令,昭和五十九年法律第七十二号,たばこ税法
19841225,法律|政令,昭和五十九年法律第八十五号,日本電信電話株式会社等に関する法律
19841225,法律|政令,昭和五十九年法律第八十六号,電気通信事業法
19850501,法律|政令,昭和六十年法律第三十三号,電子情報処理組織による登記事務処理の円滑化のための措置等に関する法律
19850531,法律|政令,昭和六十年法律第四十三号,半導体集積回路の回路配置に関する法律
19850614,法律|政令,昭和六十年法律第六十四号,米州投資公社への加盟に伴う措置に関する法律
19850614,法律|政令,昭和六十年法律第六十三号,半島振興法
19850615,法律|政令,昭和六十年法律第六十五号,基盤技術研究円滑化法
19850628,法律|政令,昭和六十年法律第八十四号,昭和六十年度の財政運営に必要な財源の確保を図るための特別措置に関する法律
19850705,法律|政令,昭和六十年法律第八十八号,労働者派遣事業の適正な運営の確保及び派遣労働者の保護等に関する法律
19860422,法律|政令,昭和六十一年法律第二十八号,国際花と緑の博覧会の準備及び運営のために必要な特別措置に関する法律
19860430,法律|政令,昭和六十一年法律第四十二号,特定都市鉄道整備促進特別措置法
19860507,法律|政令,昭和六十一年法律第四十五号,東京湾横断道路の建設に関する特別措置法
19860523,法律|政令,昭和六十一年法律第六十一号,昭和六十一年度の財政運営に必要な財源の確保を図るための特別措置に関する法律
19860523,法律|政令,昭和六十一年法律第六十二号,特定商品等の預託等取引契約に関する法律
19860523,法律|政令,昭和六十一年法律第六十五号,プログラムの著作物に係る登録の特例に関する法律
19860523,法律|政令,昭和六十一年法律第六十六号,外国弁護士による法律事務の取扱いに関する特別措置法
19860527,法律|政令,昭和六十一年法律第七十一号,国家安全保障会議設置法
19860530,法律|政令,昭和六十一年法律第七十六号,日本国有鉄道の経営する事業の運営の改善のために昭和六十一年度において緊急に講ずべき特別措置に関する法律
19860612,法律|政令,昭和六十一年法律第八十四号,扶養義務の準拠法に関する法律
19861204,法律|政令,昭和六十一年法律第八十七号,日本国有鉄道改革法
19861204,法律|政令,昭和六十一年法律第八十八号,旅客鉄道株式会社及び日本貨物鉄道株式会社に関する法律
19861204,法律|政令,昭和六十一年法律第九十二号,鉄道事業法
19861204,法律|政令,昭和六十一年法律第九十三号,日本国有鉄道改革法等施行法　抄
19870331,法律|政令,昭和六十二年法律第二十三号,地域雇用開発促進法
19870526,法律|政令,昭和六十二年法律第二十九号,外国医師等が行う臨床修練等に係る医師法第十七条等の特例等に関する法律
19870526,法律|政令,昭和六十二年法律第三十号,社会福祉士及び介護福祉士法
19870529,法律|政令,昭和六十二年法律第三十六号,多数国間投資保証機関への加盟に伴う措置に関する法律
19870601,法律|政令,昭和六十二年法律第四十二号,通貨の単位及び貨幣の発行等に関する法律
19870602,法律|政令,昭和六十二年法律第五十一号,昭和六十二年度の財政運営に必要な財源の確保を図るための特別措置に関する法律
19870602,法律|政令,昭和六十二年法律第六十号,臨床工学技士法
19870602,法律|政令,昭和六十二年法律第六十一号,義肢装具士法
19870602,法律|政令,昭和六十二年法律第六十二号,民間都市開発の推進に関する特別措置法
19870602,法律|政令,昭和六十二年法律第六十三号,集落地域整備法
19870602,法律|政令,昭和六十二年法律第六十四号,刑事確定訴訟記録法
19870605,法律|政令,昭和六十二年法律第六十七号,昭和六十二年度及び昭和六十三年度における国家公務員等共済組合法の年金の額の改定の特例に関する法律
19870609,法律|政令,昭和六十二年法律第七十一号,総合保養地域整備法
19870609,法律|政令,昭和六十二年法律第七十二号,関西文化学術研究都市建設促進法
19870612,法律|政令,昭和六十二年法律第七十四号,昭和六十二年度及び昭和六十三年度における地方公務員等共済組合法の年金の額の改定の特例に関する法律
19870612,法律|政令,昭和六十二年法律第七十八号,外国の地方公共団体の機関等に派遣される一般職の地方公務員の処遇等に関する法律
19870904,法律|政令,昭和六十二年法律第八十六号,日本電信電話株式会社の株式の売払収入の活用による社会資本の整備の促進に関する特別措置法
19870916,法律|政令,昭和六十二年法律第九十三号,国際緊急援助隊の派遣に関する法律
19870926,法律|政令,昭和六十二年法律第百三号,流通食品への毒物の混入等の防止等に関する特別措置法
19870926,法律|政令,昭和六十二年法律第百四号,旅客鉄道株式会社が建設主体とされている新幹線鉄道の建設に関する事業の日本鉄道建設公団への引継ぎに関する法律
19870929,法律|政令,昭和六十二年法律第百五号,台湾住民である戦没者の遺族等に対する弔慰金等に関する法律
19871215,法律|政令,昭和六十二年法律第百十五号,公文書館法
19880226,法律|政令,昭和六十三年法律第三号,漁船再保険及漁業共済保険特別会計における漁業共済に係る保険金の支払財源の不足に充てるための一般会計からする繰入金に関する法律
19880506,法律|政令,昭和六十三年法律第三十一号,特定弔慰金等の支給の実施に関する法律
19880517,法律|政令,昭和六十三年法律第四十号,港湾労働法
19880517,法律|政令,昭和六十三年法律第四十七号,大都市地域における優良宅地開発の促進に関する緊急措置法
19880520,法律|政令,昭和六十三年法律第五十二号,昭和六十三年度の財政運営に必要な財源の確保を図るための特別措置に関する法律
19880520,法律|政令,昭和六十三年法律第五十三号,特定物質等の規制等によるオゾン層の保護に関する法律
19880614,法律|政令,昭和六十三年法律第八十三号,多極分散型国土形成促進法
19881208,法律|政令,昭和六十三年法律第九十号,国会議事堂等周辺地域及び外国公館等周辺地域の静穏の保持に関する法律
19881213,法律|政令,昭和六十三年法律第九十一号,行政機関の休日に関する法律
19881213,法律|政令,昭和六十三年法律第九十三号,裁判所の休日に関する法律
19881222,法律|政令,昭和六十三年法律第九十八号,肉用子牛生産安定等特別措置法
19881223,法律|政令,昭和六十三年法律第九十九号,遊漁船業の適正化に関する法律
19881227,法律|政令,昭和六十三年法律第百五号,国会に置かれる機関の休日に関する法律
19881230,法律|政令,昭和六十三年法律第百七号,税制改革法
19881230,法律|政令,昭和六十三年法律第百八号,消費税法
19890628,法律|政令,平成元年法律第四十二号,平成元年度の財政運営に必要な財源の確保を図るための特別措置に関する法律
19890628,法律|政令,平成元年法律第五十八号,特定農地貸付けに関する農地法等の特例に関する法律
19890628,法律|政令,平成元年法律第六十一号,大都市地域における宅地開発及び鉄道整備の一体的推進に関する特別措置法
19890630,法律|政令,平成元年法律第六十四号,地域における医療及び介護の総合的な確保の促進に関する法律
19890701,法律|政令,平成元年法律第六十五号,特定農産加工業経営改善臨時措置法
19891208,法律|政令,平成元年法律第七十一号,森林の保健機能の増進に関する特別措置法
19891219,法律|政令,平成元年法律第八十二号,貨物利用運送事業法
19891219,法律|政令,平成元年法律第八十三号,貨物自動車運送事業法
19891222,法律|政令,平成元年法律第八十四号,土地基本法
19891222,法律|政令,平成元年法律第九十一号,民事保全法
19891222,法律|政令,平成元年法律第八十八号,平成元年四月分から同年七月分までの扶助料に係る加算の年額等の特例に関する法律
19900613,法律|政令,平成二年法律第二十九号,天皇陛下御即位記念のための十万円の貨幣の発行に関する法律
19900613,法律|政令,平成二年法律第三十号,工業所有権に関する手続等の特例に関する法律
19900619,法律|政令,平成二年法律第三十五号,特定通信・放送開発事業実施円滑化法
19900622,法律|政令,平成二年法律第四十四号,市民農園整備促進法
19900627,法律|政令,平成二年法律第五十五号,スパイクタイヤ粉じんの発生の防止に関する法律
19900627,法律|政令,平成二年法律第四十九号,国会議員の秘書の給与等に関する法律
19900629,法律|政令,平成二年法律第七十号,食鳥処理の事業の規制及び食鳥検査に関する法律
19900629,法律|政令,平成二年法律第七十一号,生涯学習の振興のための施策の推進体制等の整備に関する法律
19910313,法律|政令,平成三年法律第二号,湾岸地域における平和回復活動を支援するため平成二年度において緊急に講ずべき財政上の措置に必要な財源の確保に係る臨時措置に関する法律
19910330,法律|政令,平成三年法律第十五号,国の補助金等の臨時特例等に関する法律　抄
19910330,法律|政令,平成三年法律第二十二号,欧州復興開発銀行への加盟に伴う措置に関する法律
19910423,法律|政令,平成三年法律第三十六号,救急救命士法
19910426,法律|政令,平成三年法律第四十五号,新幹線鉄道に係る鉄道施設の譲渡等に関する法律
19910426,法律|政令,平成三年法律第四十八号,資源の有効な利用の促進に関する法律
19910502,法律|政令,平成三年法律第五十七号,中小企業における労働力の確保及び良好な雇用の機会の創出のための雇用管理の改善の促進に関する法律
19910502,法律|政令,平成三年法律第五十九号,食品等の流通の合理化及び取引の適正化に関する法律
19910502,法律|政令,平成三年法律第六十六号,商品投資に係る事業の規制に関する法律
19910502,法律|政令,平成三年法律第六十九号,地価税法
19910510,法律|政令,平成三年法律第七十一号,日本国との平和条約に基づき日本の国籍を離脱した者等の出入国管理に関する特例法
19910515,法律|政令,平成三年法律第七十六号,育児休業、介護休業等育児又は家族介護を行う労働者の福祉に関する法律
19910515,法律|政令,平成三年法律第七十七号,暴力団員による不当な行為の防止等に関する法律
19911004,法律|政令,平成三年法律第九十号,借地借家法
19911005,法律|政令,平成三年法律第九十四号,国際的な協力の下に規制薬物に係る不正行為を助長する行為等の防止を図るための麻薬及び向精神薬取締法等の特例等に関する法律
19911224,法律|政令,平成三年法律第百九号,国家公務員の育児休業等に関する法律
19911224,法律|政令,平成三年法律第百十号,地方公務員の育児休業等に関する法律
19911224,法律|政令,平成三年法律第百十一号,裁判官の育児休業に関する法律
19911224,法律|政令,平成三年法律第百八号,国会職員の育児休業等に関する法律
19920331,法律|政令,平成四年法律第十五号,法人特別税法
19920520,法律|政令,平成四年法律第四十六号,獣医療法
19920520,法律|政令,平成四年法律第五十一号,計量法
19920520,法律|政令,平成四年法律第五十二号,長野オリンピック冬季競技大会の準備及び運営のために必要な特別措置に関する法律
19920520,法律|政令,平成四年法律第五十三号,ゴルフ場等に係る会員契約の適正化に関する法律
19920527,法律|政令,平成四年法律第六十二号,産業廃棄物の処理に係る特定施設の整備の促進に関する法律
19920527,法律|政令,平成四年法律第六十三号,介護労働者の雇用管理の改善等に関する法律
19920603,法律|政令,平成四年法律第七十号,自動車から排出される窒素酸化物及び粒子状物質の特定地域における総量の削減等に関する特別措置法
19920605,法律|政令,平成四年法律第七十五号,絶滅のおそれのある野生動植物の種の保存に関する法律
19920605,法律|政令,平成四年法律第七十六号,地方拠点都市地域の整備及び産業業務施設の再配置の促進に関する法律
19920619,法律|政令,平成四年法律第七十九号,国際連合平和維持活動等に対する協力に関する法律
19920626,法律|政令,平成四年法律第八十四号,少年の保護事件に係る補償に関する法律
19920626,法律|政令,平成四年法律第八十六号,看護師等の人材確保の促進に関する法律
19920626,法律|政令,平成四年法律第八十八号,地域伝統芸能等を活用した行事の実施による観光及び特定地域商工業の振興に関する法律
19920702,法律|政令,平成四年法律第九十号,労働時間等の設定の改善に関する特別措置法
19921216,法律|政令,平成四年法律第百二号,平成三年度歳入歳出の決算上の剰余金の処理の特例等に関する法律
19921216,法律|政令,平成四年法律第百八号,特定有害廃棄物等の輸出入等の規制に関する法律
19921216,法律|政令,平成四年法律第百号,政治倫理の確立のための国会議員の資産等の公開等に関する法律
19921224,法律|政令,平成四年法律第百九号,国会等の移転に関する法律
19921224,法律|政令,平成四年法律第百十号,大阪湾臨海地域開発整備法
19930331,法律|政令,平成五年法律第九号,平成五年度における一般会計承継債務等の償還の特例等に関する法律
19930430,法律|政令,平成五年法律第三十三号,皇太子徳仁親王の婚姻を記念するための五万円の貨幣の発行に関する法律
19930506,法律|政令,平成五年法律第三十八号,福祉用具の研究開発及び普及の促進に関する法律
19930512,法律|政令,平成五年法律第四十四号,協同組織金融機関の優先出資に関する法律
19930519,法律|政令,平成五年法律第四十七号,不正競争防止法
19930521,法律|政令,平成五年法律第五十一号,商工会及び商工会議所による小規模事業者の支援に関する法律
19930521,法律|政令,平成五年法律第五十二号,特定優良賃貸住宅の供給の促進に関する法律
19930526,法律|政令,平成五年法律第五十四号,身体障害者の利便の増進に資する通信・放送身体障害者利用円滑化事業の推進に関する法律
19930616,法律|政令,平成五年法律第七十二号,特定農山村地域における農林業等の活性化のための基盤整備の促進に関する法律
19930618,法律|政令,平成五年法律第七十六号,短時間労働者の雇用管理の改善等に関する法律
19931110,法律|政令,平成五年法律第八十号,民間海外援助事業の推進のための物品の譲与に関する法律
19931112,法律|政令,平成五年法律第八十八号,行政手続法
19931119,法律|政令,平成五年法律第九十一号,環境基本法
19931217,法律|政令,平成五年法律第九十五号,農業共済再保険特別会計の農業勘定における平成五年度の再保険金の支払財源の不足に対処するための特別措置に関する法律
19940204,法律|政令,平成六年法律第三号,衆議院議員選挙区画定審議会設置法
19940204,法律|政令,平成六年法律第五号,政党助成法
19940304,法律|政令,平成六年法律第八号,水道原水水質保全事業の実施の促進に関する法律
19940304,法律|政令,平成六年法律第九号,特定水道利水障害の防止のための水道水源水域の水質の保全に関する特別措置法
19940331,法律|政令,平成六年法律第二十八号,平成六年分所得税の特別減税の実施等のための公債の発行の特例に関する法律
19940406,法律|政令,平成六年法律第三十号,中国残留邦人等の円滑な帰国の促進並びに永住帰国した中国残留邦人等及び特定配偶者の自立の支援に関する法律
19940615,法律|政令,平成六年法律第三十三号,一般職の職員の勤務時間、休暇等に関する法律
19940624,法律|政令,平成六年法律第四十三号,平成六年度における財政運営のための国債整理基金に充てるべき資金の繰入れの特例等に関する法律
19940629,法律|政令,平成六年法律第四十五号,裁判官の介護休暇に関する法律
19940629,法律|政令,平成六年法律第七十七号,不動産特定共同事業法
19940629,法律|政令,平成六年法律第七十八号,特定先端大型研究施設の共用の促進に関する法律
19940629,法律|政令,平成六年法律第七十九号,国際会議等の誘致の促進及び開催の円滑化等による国際観光の振興に関する法律
19940629,法律|政令,平成六年法律第四十六号,農山漁村滞在型余暇活動のための基盤整備の促進に関する法律
19940701,法律|政令,平成六年法律第八十五号,製造物責任法
19941125,法律|政令,平成六年法律第百六号,政党交付金の交付を受ける政党等に対する法人格の付与に関する法律
19941125,法律|政令,平成六年法律第百七号,音楽文化の振興のための学習環境の整備等に関する法律
19941202,法律|政令,平成六年法律第百八号,所得税法及び消費税法の一部を改正する法律の施行等による租税収入の減少を補うための平成六年度から平成八年度までの公債の発行の特例等に関する法律
19941214,法律|政令,平成六年法律第百十三号,主要食糧の需給及び価格の安定に関する法律
19941216,法律|政令,平成六年法律第百十七号,原子爆弾被爆者に対する援護に関する法律
19950215,法律|政令,平成七年法律第七号,漁船再保険及漁業共済保険特別会計における漁業共済に係る保険金の支払財源の不足に充てるための一般会計からする繰入金に関する法律
19950220,法律|政令,平成七年法律第十一号,阪神・淡路大震災の被災者等に係る国税関係法律の臨時特例に関する法律
19950226,法律|政令,平成七年法律第十四号,被災市街地復興特別措置法
19950301,法律|政令,平成七年法律第十六号,阪神・淡路大震災に対処するための特別の財政援助及び助成に関する法律
19950301,法律|政令,平成七年法律第十七号,阪神・淡路大震災に対処するための平成六年度における公債の発行の特例等に関する法律
19950323,法律|政令,平成七年法律第三十九号,電線共同溝の整備等に関する特別措置法
19950324,法律|政令,平成七年法律第四十三号,被災区分所有建物の再建等に関する特別措置法
19950331,法律|政令,平成七年法律第六十号,平成七年度における財政運営のための国債整理基金に充てるべき資金の繰入れの特例等に関する法律
19950405,法律|政令,平成七年法律第六十五号,化学兵器の禁止及び特定物質の規制等に関する法律
19950421,法律|政令,平成七年法律第七十八号,サリン等による人身被害の防止に関する法律
19950508,法律|政令,平成七年法律第八十六号,更生保護事業法
19950508,法律|政令,平成七年法律第八十八号,緑の募金による森林整備等の推進に関する法律
19950522,法律|政令,平成七年法律第百号,平成七年度における公債の発行の特例に関する法律
19950526,法律|政令,平成七年法律第百二号,沖縄県における駐留軍用地跡地の有効かつ適切な利用の推進に関する特別措置法
19950607,法律|政令,平成七年法律第百五号,保険業法
19950616,法律|政令,平成七年法律第百十二号,容器包装に係る分別収集及び再商品化の促進等に関する法律
19950616,法律|政令,平成七年法律第百十一号,地震防災対策特別措置法
19951027,法律|政令,平成七年法律第百二十二号,国際機関等に派遣される防衛省の職員の処遇等に関する法律
19951027,法律|政令,平成七年法律第百二十三号,建築物の耐震改修の促進に関する法律
19951115,法律|政令,平成七年法律第百二十九号,高齢社会対策基本法
19951115,法律|政令,平成七年法律第百三十号,科学技術基本法
19951208,法律|政令,平成七年法律第百三十三号,接収刀剣類の処理に関する法律
19960223,法律|政令,平成八年法律第二号,平成七年度における租税収入の減少を補うための公債の発行の特例に関する法律
19960331,法律|政令,平成八年法律第十八号,平成八年分所得税の特別減税のための臨時措置法
19960515,法律|政令,平成八年法律第三十九号,塩事業法
19960515,法律|政令,平成八年法律第四十号,社会保障研究所の解散に関する法律
19960517,法律|政令,平成八年法律第四十一号,平成八年度における財政運営のための公債の発行の特例等に関する法律
19960524,法律|政令,平成八年法律第四十五号,林業労働力の確保の促進に関する法律
19960524,法律|政令,平成八年法律第四十七号,木材の安定供給の確保に関する特別措置法
19960612,法律|政令,平成八年法律第七十一号,外国船舶製造事業者による船舶の不当廉価建造契約の防止に関する法律
19960614,法律|政令,平成八年法律第七十四号,排他的経済水域及び大陸棚に関する法律
19960614,法律|政令,平成八年法律第七十六号,排他的経済水域における漁業等に関する主権的権利の行使等に関する法律
19960614,法律|政令,平成八年法律第七十七号,海洋生物資源の保存及び管理に関する法律
19960614,法律|政令,平成八年法律第八十五号,特定非常災害の被害者の権利利益の保全等を図るための特別措置に関する法律
19960621,法律|政令,平成八年法律第九十三号,特定住宅金融専門会社の債権債務の処理の促進等に関する特別措置法
19960621,法律|政令,平成八年法律第九十五号,金融機関等の更生手続の特例等に関する法律
19960621,法律|政令,平成八年法律第九十八号,特定住宅金融専門会社が有する債権の時効の停止等に関する特別措置法
19960621,法律|政令,平成八年法律第百一号,まぐろ資源の保存及び管理の強化に関する特別措置法
19960626,法律|政令,平成八年法律第百九号,民事訴訟法
19961226,法律|政令,平成八年法律第百十八号,農林中央金庫及び特定農水産業協同組合等による信用事業の再編及び強化に関する法律
19970331,法律|政令,平成九年法律第二十七号,平成九年度における財政運営のための公債の発行の特例等に関する法律
19970418,法律|政令,平成九年法律第三十七号,新エネルギー利用等の促進に関する特別措置法
19970509,法律|政令,平成九年法律第四十八号,日本私立学校振興・共済事業団法
19970509,法律|政令,平成九年法律第四十九号,密集市街地における防災街区の整備の促進に関する法律
19970528,法律|政令,平成九年法律第六十一号,南極地域の環境の保護に関する法律
19970604,法律|政令,平成九年法律第六十五号,一般職の任期付研究員の採用、給与及び勤務時間の特例に関する法律
19970606,法律|政令,平成九年法律第七十三号,日本国有鉄道清算事業団の債務の負担の軽減を図るために平成九年度において緊急に講ずべき特別措置に関する法律
19970613,法律|政令,平成九年法律第八十一号,環境影響評価法
19970613,法律|政令,平成九年法律第八十二号,大学の教員等の任期に関する法律
19970618,法律|政令,平成九年法律第八十九号,日本銀行法
19970618,法律|政令,平成九年法律第九十一号,外国人観光旅客の来訪の促進等による国際観光の振興に関する法律
19970618,法律|政令,平成九年法律第九十号,小学校及び中学校の教諭の普通免許状授与に係る教育職員免許法の特例等に関する法律
19970716,法律|政令,平成九年法律第百四号,臓器の移植に関する法律
19971205,法律|政令,平成九年法律第百九号,財政構造改革の推進に関する特別措置法
19971205,法律|政令,平成九年法律第百十号,内国税の適正な課税の確保を図るための国外送金等に係る調書の提出等に関する法律
19971210,法律|政令,平成九年法律第百十八号,平成十七年に開催される国際博覧会の準備及び運営のために必要な特別措置に関する法律
19971217,法律|政令,平成九年法律第百二十三号,介護保険法
19971217,法律|政令,平成九年法律第百二十四号,介護保険法施行法　抄
19971219,法律|政令,平成九年法律第百三十一号,精神保健福祉士法
19971219,法律|政令,平成九年法律第百三十二号,言語聴覚士法
19980130,法律|政令,平成十年法律第一号,平成十年分所得税の特別減税のための臨時措置法
19980325,法律|政令,平成十年法律第七号,特定非営利活動促進法
19980331,法律|政令,平成十年法律第二十五号,電子計算機を使用して作成する国税関係帳簿書類の保存方法等の特例に関する法律
19980331,法律|政令,平成十年法律第三十五号,平成十年度における財政運営のための公債の発行の特例等に関する法律
19980331,法律|政令,平成十年法律第三十六号,中部国際空港の設置及び管理に関する法律
19980331,法律|政令,平成十年法律第三十四号,土地の再評価に関する法律
19980417,法律|政令,平成十年法律第四十一号,優良田園住宅の建設の促進に関する法律
19980424,法律|政令,平成十年法律第四十五号,オウム真理教に係る破産手続における国の債権に関する特例に関する法律
19980506,法律|政令,平成十年法律第五十二号,大学等における技術に関する研究成果の民間事業者への移転の促進に関する法律
19980506,法律|政令,平成十年法律第五十三号,特定公共電気通信システム開発関連技術に関する研究開発の推進に関する法律
19980508,法律|政令,平成十年法律第五十九号,食品の製造過程の管理の高度化に関する臨時措置法
19980520,法律|政令,平成十年法律第六十三号,スポーツ振興投票の実施等に関する法律
19980522,法律|政令,平成十年法律第六十六号,被災者生活再建支援法
19980527,法律|政令,平成十年法律第七十六号,平成十四年ワールドカップサッカー大会特別措置法
19980529,法律|政令,平成十年法律第八十三号,種苗法
19980603,法律|政令,平成十年法律第九十号,投資事業有限責任組合契約に関する法律
19980603,法律|政令,平成十年法律第九十一号,大規模小売店舗立地法
19980603,法律|政令,平成十年法律第九十二号,中心市街地の活性化に関する法律
19980605,法律|政令,平成十年法律第九十七号,特定家庭用機器再商品化法
19980610,法律|政令,平成十年法律第九十九号,美術品の美術館における公開の促進に関する法律
19980612,法律|政令,平成十年法律第百三号,中央省庁等改革基本法
19980612,法律|政令,平成十年法律第百四号,動産及び債権の譲渡の対抗要件に関する民法の特例等に関する法律
19980615,法律|政令,平成十年法律第百五号,資産の流動化に関する法律
19980615,法律|政令,平成十年法律第百八号,金融機関等が行う特定金融取引の一括清算に関する法律
19981002,法律|政令,平成十年法律第百十四号,感染症の予防及び感染症の患者に対する医療に関する法律
19981007,法律|政令,平成十年法律第百十六号,対人地雷の製造の禁止及び所持の規制等に関する法律
19981009,法律|政令,平成十年法律第百十七号,地球温暖化対策の推進に関する法律
19981016,法律|政令,平成十年法律第百二十六号,債権管理回収業に関する特別措置法
19981016,法律|政令,平成十年法律第百三十号,金融庁設置法
19981016,法律|政令,平成十年法律第百三十二号,金融機能の再生のための緊急措置に関する法律
19981019,法律|政令,平成十年法律第百三十六号,日本国有鉄道清算事業団の債務等の処理に関する法律
19981019,法律|政令,平成十年法律第百三十七号,一般会計における債務の承継等に伴い必要な財源の確保に係る特別措置に関する法律
19981022,法律|政令,平成十年法律第百四十三号,金融機能の早期健全化のための緊急措置に関する法律
19981218,法律|政令,平成十年法律第百五十一号,破綻金融機関等の融資先である中堅事業者に係る信用保険の特例に関する臨時措置法
19990319,法律|政令,平成十一年法律第二号,ものづくり基盤技術振興基本法
19990325,法律|政令,平成十一年法律第三号,平成十一年度における公債の発行の特例に関する法律
19990329,法律|政令,平成十一年法律第四号,特定融資枠契約に関する法律
19990331,法律|政令,平成十一年法律第十七号,地方特例交付金等の地方財政の特別措置に関する法律
19990331,法律|政令,平成十一年法律第十八号,中小企業等経営強化法
19990421,法律|政令,平成十一年法律第三十二号,金融業者の貸付業務のための社債の発行等に関する法律
19990514,法律|政令,平成十一年法律第四十二号,行政機関の保有する情報の公開に関する法律
19990521,法律|政令,平成十一年法律第五十一号,持続的養殖生産確保法
19990526,法律|政令,平成十一年法律第五十二号,児童買春、児童ポルノに係る行為等の規制及び処罰並びに児童の保護等に関する法律
19990528,法律|政令,平成十一年法律第六十号,重要影響事態に際して我が国の平和及び安全を確保するための措置に関する法律
19990528,法律|政令,平成十一年法律第六十二号,国立教育会館の解散に関する法律
19990623,法律|政令,平成十一年法律第七十八号,男女共同参画社会基本法
19990623,法律|政令,平成十一年法律第八十一号,住宅の品質確保の促進等に関する法律
19990623,法律|政令,平成十一年法律第七十九号,国立公文書館法
19990713,法律|政令,平成十一年法律第八十六号,特定化学物質の環境への排出量の把握等及び管理の改善の促進に関する法律
19990716,法律|政令,平成十一年法律第八十九号,内閣府設置法
19990716,法律|政令,平成十一年法律第九十一号,総務省設置法
19990716,法律|政令,平成十一年法律第九十三号,法務省設置法
19990716,法律|政令,平成十一年法律第九十四号,外務省設置法
19990716,法律|政令,平成十一年法律第九十五号,財務省設置法
19990716,法律|政令,平成十一年法律第九十六号,文部科学省設置法
19990716,法律|政令,平成十一年法律第九十七号,厚生労働省設置法
19990716,法律|政令,平成十一年法律第九十八号,農林水産省設置法
19990716,法律|政令,平成十一年法律第九十九号,経済産業省設置法
19990716,法律|政令,平成十一年法律第百号,国土交通省設置法
19990716,法律|政令,平成十一年法律第百一号,環境省設置法
19990716,法律|政令,平成十一年法律第百三号,独立行政法人通則法
19990716,法律|政令,平成十一年法律第百六号,食料・農業・農村基本法
19990716,法律|政令,平成十一年法律第百五号,ダイオキシン類対策特別措置法
19990728,法律|政令,平成十一年法律第百十号,持続性の高い農業生産方式の導入の促進に関する法律
19990728,法律|政令,平成十一年法律第百十二号,家畜排せつ物の管理の適正化及び利用の促進に関する法律
19990730,法律|政令,平成十一年法律第百十六号,国会審議の活性化及び政治主導の政策決定システムの確立に関する法律　抄
19990730,法律|政令,平成十一年法律第百十七号,民間資金等の活用による公共施設等の整備等の促進に関する法律
19990813,法律|政令,平成十一年法律第百二十七号,国旗及び国歌に関する法律
19990813,法律|政令,平成十一年法律第百二十八号,不正アクセス行為の禁止等に関する法律
19990813,法律|政令,平成十一年法律第百二十六号,政治倫理の確立のための仮名による株取引等の禁止に関する法律
19990813,法律|政令,平成十一年法律第百二十九号,国家公務員倫理法
19990813,法律|政令,平成十一年法律第百三十号,自衛隊員倫理法
19990818,法律|政令,平成十一年法律第百三十六号,組織的な犯罪の処罰及び犯罪収益の規制等に関する法律
19990818,法律|政令,平成十一年法律第百三十七号,犯罪捜査のための通信傍受に関する法律
19991207,法律|政令,平成十一年法律第百四十七号,無差別大量殺人行為を行った団体の規制に関する法律
19991207,法律|政令,平成十一年法律第百四十八号,特定破産法人の破産財団に属すべき財産の回復に関する特別措置法
19991208,法律|政令,平成十一年法律第百五十号,任意後見契約に関する法律
19991208,法律|政令,平成十一年法律第百五十二号,後見登記等に関する法律
19991215,法律|政令,平成十一年法律第百五十三号,良質な賃貸住宅等の供給の促進に関する特別措置法
19991217,法律|政令,平成十一年法律第百五十六号,原子力災害対策特別措置法
19991217,法律|政令,平成十一年法律第百五十八号,特定債務等の調整の促進のための特定調停に関する法律
19991222,法律|政令,平成十一年法律第百六十二号,国立研究開発法人情報通信研究機構法
19991222,法律|政令,平成十一年法律第百六十四号,独立行政法人酒類総合研究所法
19991222,法律|政令,平成十一年法律第百六十五号,独立行政法人国立特別支援教育総合研究所法
19991222,法律|政令,平成十一年法律第百六十六号,独立行政法人大学入試センター法
19991222,法律|政令,平成十一年法律第百六十七号,独立行政法人国立青少年教育振興機構法
19991222,法律|政令,平成十一年法律第百六十八号,独立行政法人国立女性教育会館法
19991222,法律|政令,平成十一年法律第百七十二号,独立行政法人国立科学博物館法
19991222,法律|政令,平成十一年法律第百七十三号,国立研究開発法人物質・材料研究機構法
19991222,法律|政令,平成十一年法律第百七十四号,国立研究開発法人防災科学技術研究所法
19991222,法律|政令,平成十一年法律第百七十六号,国立研究開発法人量子科学技術研究開発機構法
19991222,法律|政令,平成十一年法律第百七十七号,独立行政法人国立美術館法
19991222,法律|政令,平成十一年法律第百七十八号,独立行政法人国立文化財機構法
19991222,法律|政令,平成十一年法律第百八十三号,独立行政法人農林水産消費安全技術センター法
19991222,法律|政令,平成十一年法律第百八十五号,独立行政法人家畜改良センター法
19991222,法律|政令,平成十一年法律第百九十二号,国立研究開発法人農業・食品産業技術総合研究機構法
19991222,法律|政令,平成十一年法律第百九十七号,国立研究開発法人国際農林水産業研究センター法
19991222,法律|政令,平成十一年法律第百九十八号,国立研究開発法人森林研究・整備機構法
19991222,法律|政令,平成十一年法律第百九十九号,国立研究開発法人水産研究・教育機構法
19991222,法律|政令,平成十一年法律第二百号,独立行政法人経済産業研究所法
19991222,法律|政令,平成十一年法律第二百一号,独立行政法人工業所有権情報・研修館法
19991222,法律|政令,平成十一年法律第二百三号,国立研究開発法人産業技術総合研究所法
19991222,法律|政令,平成十一年法律第二百四号,独立行政法人製品評価技術基盤機構法
19991222,法律|政令,平成十一年法律第二百五号,国立研究開発法人土木研究所法
19991222,法律|政令,平成十一年法律第二百六号,国立研究開発法人建築研究所法
19991222,法律|政令,平成十一年法律第二百八号,国立研究開発法人海上・港湾・航空技術研究所法
19991222,法律|政令,平成十一年法律第二百十四号,独立行政法人海技教育機構法
19991222,法律|政令,平成十一年法律第二百十五号,独立行政法人航空大学校法
19991222,法律|政令,平成十一年法律第二百十六号,国立研究開発法人国立環境研究所法
19991222,法律|政令,平成十一年法律第二百十七号,独立行政法人駐留軍等労働者労務管理機構法
19991222,法律|政令,平成十一年法律第二百十八号,独立行政法人自動車技術総合機構法
19991222,法律|政令,平成十一年法律第二百十九号,独立行政法人統計センター法
19991222,法律|政令,平成十一年法律第二百二十四号,国と民間企業との間の人事交流に関する法律
19991222,法律|政令,平成十一年法律第二百二十五号,民事再生法
19991222,法律|政令,平成十一年法律第二百二十六号,電気通信回線による登記情報の提供に関する法律
20000218,法律|政令,平成十二年法律第二号,平成十一年度の緊急生産調整推進対策水田営農確立助成補助金等についての所得税及び法人税の臨時特例に関する法律
20000324,法律|政令,平成十二年法律第三号,平成十二年度における公債の発行の特例に関する法律
20000331,法律|政令,平成十二年法律第三十四号,平成十二年度における国民年金法による年金の額等の改定の特例に関する法律
20000331,法律|政令,平成十二年法律第十五号,過疎地域自立促進特別措置法
20000405,法律|政令,平成十二年法律第三十六号,アルコール事業法
20000419,法律|政令,平成十二年法律第四十四号,産業技術力強化法
20000426,法律|政令,平成十二年法律第四十九号,弁理士法
20000426,法律|政令,平成十二年法律第五十号,公益的法人等への一般職の地方公務員の派遣等に関する法律
20000426,法律|政令,平成十二年法律第五十一号,地方公共団体の一般職の任期付研究員の採用等に関する法律
20000508,法律|政令,平成十二年法律第五十七号,土砂災害警戒区域等における土砂災害防止対策の推進に関する法律
20000512,法律|政令,平成十二年法律第六十一号,消費者契約法
20000519,法律|政令,平成十二年法律第七十五号,犯罪被害者等の権利利益の保護を図るための刑事手続に付随する措置に関する法律
20000524,法律|政令,平成十二年法律第八十一号,ストーカー行為等の規制等に関する法律
20000524,法律|政令,平成十二年法律第八十二号,児童虐待の防止等に関する法律
20000526,法律|政令,平成十二年法律第八十七号,大深度地下の公共的使用に関する特別措置法
20000526,法律|政令,平成十二年法律第八十八号,独立行政法人教職員支援機構法
20000531,法律|政令,平成十二年法律第九十五号,農水産業協同組合の再生手続の特例等に関する法律
20000531,法律|政令,平成十二年法律第百一号,金融商品の販売等に関する法律
20000531,法律|政令,平成十二年法律第百二号,電子署名及び認証業務に関する法律
20000531,法律|政令,平成十二年法律第百三号,会社分割に伴う労働契約の承継等に関する法律
20000531,法律|政令,平成十二年法律第百四号,建設工事に係る資材の再資源化等に関する法律
20000531,法律|政令,平成十二年法律第百号,国等による環境物品等の調達の推進等に関する法律
20000602,法律|政令,平成十二年法律第百十号,循環型社会形成推進基本法
20000607,法律|政令,平成十二年法律第百十六号,食品循環資源の再生利用等の促進に関する法律
20000607,法律|政令,平成十二年法律第百十七号,特定放射性廃棄物の最終処分に関する法律
20001127,法律|政令,平成十二年法律第百二十五号,一般職の任期付職員の採用及び給与の特例に関する法律
20001127,法律|政令,平成十二年法律第百二十七号,公共工事の入札及び契約の適正化の促進に関する法律
20001129,法律|政令,平成十二年法律第百二十九号,外国倒産処理手続の承認援助に関する法律
20001129,法律|政令,平成十二年法律第百三十一号,著作権等管理事業法
20001129,法律|政令,平成十二年法律第百三十号,公職にある者等のあっせん行為による利得等の処罰に関する法律
20001201,法律|政令,平成十二年法律第百三十二号,平成十一年度歳入歳出の決算上の剰余金の処理の特例に関する法律
20001206,法律|政令,平成十二年法律第百四十四号,高度情報通信ネットワーク社会形成基本法
20001206,法律|政令,平成十二年法律第百四十五号,重要影響事態等に際して実施する船舶検査活動に関する法律
20001206,法律|政令,平成十二年法律第百四十六号,ヒトに関するクローン技術等の規制に関する法律
20001206,法律|政令,平成十二年法律第百四十七号,人権教育及び人権啓発の推進に関する法律
20001208,法律|政令,平成十二年法律第百四十八号,原子力発電施設等立地地域の振興に関する特別措置法
20001208,法律|政令,平成十二年法律第百四十九号,マンションの管理の適正化の推進に関する法律
20010220,法律|政令,平成十三年法律第一号,平成十二年度の水田農業経営確立助成補助金等についての所得税及び法人税の臨時特例に関する法律
20010330,法律|政令,平成十三年法律第十二号,平成十三年度における公債の発行の特例に関する法律
20010330,法律|政令,平成十三年法律第十三号,平成十三年度における国民年金法による年金の額等の改定の特例に関する法律
20010406,法律|政令,平成十三年法律第二十六号,高齢者の居住の安定確保に関する法律
20010413,法律|政令,平成十三年法律第三十一号,配偶者からの暴力の防止及び被害者の保護等に関する法律
20010608,法律|政令,平成十三年法律第四十四号,通信・放送融合技術の開発の促進に関する法律
20010615,法律|政令,平成十三年法律第五十号,確定給付企業年金法
20010620,法律|政令,平成十三年法律第五十七号,自動車運転代行業の業務の適正化に関する法律
20010622,法律|政令,平成十三年法律第六十五号,ポリ塩化ビフェニル廃棄物の適正な処理の推進に関する特別措置法
20010622,法律|政令,平成十三年法律第六十三号,ハンセン病療養所入所者等に対する補償金の支給等に関する法律
20010622,法律|政令,平成十三年法律第六十四号,フロン類の使用の合理化及び管理の適正化に関する法律
20010627,法律|政令,平成十三年法律第七十五号,社債、株式等の振替に関する法律
20010629,法律|政令,平成十三年法律第八十六号,行政機関が行う政策の評価に関する法律
20010629,法律|政令,平成十三年法律第八十八号,確定拠出年金法
20010629,法律|政令,平成十三年法律第八十九号,水産基本法
20010629,法律|政令,平成十三年法律第九十三号,農林中央金庫法
20010629,法律|政令,平成十三年法律第九十五号,電子消費者契約に関する民法の特例に関する法律
20010704,法律|政令,平成十三年法律第百二号,小型船舶の登録等に関する法律
20010711,法律|政令,平成十三年法律第百十一号,特定機器に係る適合性評価手続の結果の外国との相互承認の実施に関する法律
20010711,法律|政令,平成十三年法律第百十二号,個別労働関係紛争の解決の促進に関する法律
20011116,法律|政令,平成十三年法律第百十九号,司法制度改革推進法
20011116,法律|政令,平成十三年法律第百二十号,地方公共団体の特定の事務の郵便局における取扱いに関する法律
20011126,法律|政令,平成十三年法律第百二十三号,平成十二年度歳入歳出の決算上の剰余金の処理の特例に関する法律
20011128,法律|政令,平成十三年法律第百三十一号,銀行等の株式等の保有の制限等に関する法律
20011130,法律|政令,平成十三年法律第百三十七号,特定電気通信役務提供者の損害賠償責任の制限及び発信者情報の開示に関する法律
20011205,法律|政令,平成十三年法律第百四十号,独立行政法人等の保有する情報の公開に関する法律
20011207,法律|政令,平成十三年法律第百四十七号,地方公共団体の議会の議員及び長の選挙に係る電磁的記録式投票機を用いて行う投票方法等の特例に関する法律
20011207,法律|政令,平成十三年法律第百四十八号,文化芸術基本法
20011212,法律|政令,平成十三年法律第百五十四号,子どもの読書活動の推進に関する法律
20020215,法律|政令,平成十四年法律第二号,平成十三年度の水田農業経営確立助成補助金等についての所得税及び法人税の臨時特例に関する法律
20020331,法律|政令,平成十四年法律第十四号,沖縄振興特別措置法
20020331,法律|政令,平成十四年法律第二十号,平成十四年度における財政運営のための公債の発行の特例等に関する法律
20020331,法律|政令,平成十四年法律第二十一号,平成十四年度における国民年金法による年金の額等の改定の特例に関する法律
20020405,法律|政令,平成十四年法律第二十二号,都市再生特別措置法
20020417,法律|政令,平成十四年法律第二十六号,特定電子メールの送信の適正化等に関する法律
20020510,法律|政令,平成十四年法律第四十号,独立行政法人造幣局法
20020510,法律|政令,平成十四年法律第四十一号,独立行政法人国立印刷局法
20020510,法律|政令,平成十四年法律第四十二号,貨幣回収準備資金に関する法律
20020529,法律|政令,平成十四年法律第四十八号,地方公共団体の一般職の任期付職員の採用に関する法律
20020529,法律|政令,平成十四年法律第五十二号,農業法人に対する投資の円滑化に関する特別措置法
20020529,法律|政令,平成十四年法律第五十三号,土壌汚染対策法
20020529,法律|政令,平成十四年法律第四十九号,身体障害者補助犬法
20020612,法律|政令,平成十四年法律第六十六号,国際受刑者移送法
20020612,法律|政令,平成十四年法律第六十七号,公衆等脅迫目的の犯罪行為のための資金等の提供等の処罰に関する法律
20020614,法律|政令,平成十四年法律第七十号,牛海綿状脳症対策特別措置法
20020614,法律|政令,平成十四年法律第七十一号,エネルギー政策基本法
20020619,法律|政令,平成十四年法律第七十八号,マンションの建替え等の円滑化に関する法律
20020703,法律|政令,平成十四年法律第八十一号,文化財の不法な輸出入等の規制等に関する法律
20020712,法律|政令,平成十四年法律第八十七号,使用済自動車の再資源化等に関する法律
20020712,法律|政令,平成十四年法律第八十八号,鳥獣の保護及び管理並びに狩猟の適正化に関する法律
20020726,法律|政令,平成十四年法律第九十四号,独立行政法人石油天然ガス・金属鉱物資源機構法
20020726,法律|政令,平成十四年法律第九十二号,南海トラフ地震に係る地震防災対策の推進に関する特別措置法
20020731,法律|政令,平成十四年法律第九十九号,民間事業者による信書の送達に関する法律
20020731,法律|政令,平成十四年法律第百一号,入札談合等関与行為の排除及び防止並びに職員による入札等の公正を害すべき行為の処罰に関する法律
20020802,法律|政令,平成十四年法律第百三号,健康増進法
20020807,法律|政令,平成十四年法律第百五号,ホームレスの自立の支援等に関する特別措置法
20021129,法律|政令,平成十四年法律第百二十号,有明海及び八代海等を再生するための特別措置に関する法律
20021204,法律|政令,平成十四年法律第百二十二号,知的財産基本法
20021204,法律|政令,平成十四年法律第百二十三号,独立行政法人国民生活センター法
20021204,法律|政令,平成十四年法律第百二十六号,独立行政法人農畜産業振興機構法
20021204,法律|政令,平成十四年法律第百二十七号,独立行政法人農業者年金基金法
20021204,法律|政令,平成十四年法律第百二十八号,独立行政法人農林漁業信用基金法
20021206,法律|政令,平成十四年法律第百三十二号,独立行政法人北方領土問題対策協会法
20021206,法律|政令,平成十四年法律第百三十六号,独立行政法人国際協力機構法
20021206,法律|政令,平成十四年法律第百三十七号,独立行政法人国際交流基金法
20021206,法律|政令,平成十四年法律第百三十九号,法科大学院の教育と司法試験等との連携等に関する法律
20021211,法律|政令,平成十四年法律第百四十五号,国立研究開発法人新エネルギー・産業技術総合開発機構法
20021211,法律|政令,平成十四年法律第百四十七号,独立行政法人中小企業基盤整備機構法
20021211,法律|政令,平成十四年法律第百四十三号,北朝鮮当局によって拉致された被害者等の支援に関する法律
20021211,法律|政令,平成十四年法律第百四十八号,自然再生推進法
20021213,法律|政令,平成十四年法律第百五十一号,情報通信技術を活用した行政の推進等に関する法律
20021213,法律|政令,平成十四年法律第百五十三号,電子署名等に係る地方公共団体情報システム機構の認証業務に関する法律
20021213,法律|政令,平成十四年法律第百五十四号,会社更生法
20021213,法律|政令,平成十四年法律第百五十六号,放送大学学園法
20021213,法律|政令,平成十四年法律第百五十八号,国立研究開発法人科学技術振興機構法
20021213,法律|政令,平成十四年法律第百五十九号,独立行政法人日本学術振興会法
20021213,法律|政令,平成十四年法律第百六十号,国立研究開発法人理化学研究所法
20021213,法律|政令,平成十四年法律第百六十一号,国立研究開発法人宇宙航空研究開発機構法
20021213,法律|政令,平成十四年法律第百六十二号,独立行政法人日本スポーツ振興センター法
20021213,法律|政令,平成十四年法律第百六十三号,独立行政法人日本芸術文化振興会法
20021213,法律|政令,平成十四年法律第百六十五号,独立行政法人高齢・障害・求職者雇用支援機構法
20021213,法律|政令,平成十四年法律第百六十六号,独立行政法人福祉医療機構法
20021213,法律|政令,平成十四年法律第百六十七号,独立行政法人国立重度知的障害者総合施設のぞみの園法
20021213,法律|政令,平成十四年法律第百六十九号,独立行政法人労働政策研究・研修機構法
20021213,法律|政令,平成十四年法律第百七十一号,独立行政法人労働者健康安全機構法
20021213,法律|政令,平成十四年法律第百七十二号,独立行政法人日本貿易振興機構法
20021218,法律|政令,平成十四年法律第百八十号,独立行政法人鉄道建設・運輸施設整備支援機構法
20021218,法律|政令,平成十四年法律第百八十一号,独立行政法人国際観光振興機構法
20021218,法律|政令,平成十四年法律第百八十二号,独立行政法人水資源機構法
20021218,法律|政令,平成十四年法律第百八十三号,独立行政法人自動車事故対策機構法
20021218,法律|政令,平成十四年法律第百八十八号,東京地下鉄株式会社法
20021218,法律|政令,平成十四年法律第百八十九号,構造改革特別区域法
20021218,法律|政令,平成十四年法律第百九十号,金融機関等の組織再編成の促進に関する特別措置法
20021220,法律|政令,平成十四年法律第百九十一号,独立行政法人国立病院機構法
20021220,法律|政令,平成十四年法律第百九十二号,独立行政法人医薬品医療機器総合機構法
20030218,法律|政令,平成十五年法律第二号,平成十四年度の水田農業経営確立助成補助金等についての所得税及び法人税の臨時特例に関する法律
20030331,法律|政令,平成十五年法律第十八号,平成十五年度における公債の発行の特例に関する法律
20030331,法律|政令,平成十五年法律第十九号,平成十五年度における国民年金法による年金の額等の改定の特例に関する法律
20030331,法律|政令,平成十五年法律第二十号,社会資本整備重点計画法
20030409,法律|政令,平成十五年法律第二十七号,株式会社産業再生機構法
20030509,法律|政令,平成十五年法律第四十号,法科大学院への裁判官及び検察官その他の一般職の国家公務員の派遣に関する法律
20030516,法律|政令,平成十五年法律第四十三号,独立行政法人環境再生保全機構法
20030516,法律|政令,平成十五年法律第四十四号,中間貯蔵・環境安全事業株式会社法
20030523,法律|政令,平成十五年法律第四十八号,食品安全基本法
20030530,法律|政令,平成十五年法律第五十七号,個人情報の保護に関する法律
20030530,法律|政令,平成十五年法律第五十八号,行政機関の保有する個人情報の保護に関する法律
20030530,法律|政令,平成十五年法律第五十九号,独立行政法人等の保有する個人情報の保護に関する法律
20030530,法律|政令,平成十五年法律第六十号,情報公開・個人情報保護審査会設置法
20030604,法律|政令,平成十五年法律第六十五号,特殊開錠用具の所持の禁止等に関する法律
20030611,法律|政令,平成十五年法律第七十二号,牛の個体識別のための情報の管理及び伝達に関する特別措置法
20030611,法律|政令,平成十五年法律第七十七号,特定都市河川浸水被害対策法
20030613,法律|政令,平成十五年法律第七十九号,武力攻撃事態等及び存立危機事態における我が国の平和と独立並びに国及び国民の安全の確保に関する法律
20030613,法律|政令,平成十五年法律第八十三号,インターネット異性紹介事業を利用して児童を誘引する行為の規制等に関する法律
20030618,法律|政令,平成十五年法律第九十四号,独立行政法人日本学生支援機構法
20030618,法律|政令,平成十五年法律第九十五号,国立研究開発法人海洋研究開発機構法
20030618,法律|政令,平成十五年法律第九十七号,遺伝子組換え生物等の使用等の規制による生物の多様性の確保に関する法律
20030618,法律|政令,平成十五年法律第九十八号,特定産業廃棄物に起因する支障の除去等に関する特別措置法
20030620,法律|政令,平成十五年法律第百号,独立行政法人都市再生機構法
20030716,法律|政令,平成十五年法律第百七号,裁判の迅速化に関する法律
20030716,法律|政令,平成十五年法律第百九号,人事訴訟法
20030716,法律|政令,平成十五年法律第百十号,心神喪失等の状態で重大な他害行為を行った者の医療及び観察等に関する法律
20030716,法律|政令,平成十五年法律第百十二号,国立大学法人法
20030716,法律|政令,平成十五年法律第百十三号,独立行政法人国立高等専門学校機構法
20030716,法律|政令,平成十五年法律第百十四号,独立行政法人大学改革支援・学位授与機構法
20030716,法律|政令,平成十五年法律第百十八号,地方独立行政法人法
20030716,法律|政令,平成十五年法律第百二十号,次世代育成支援対策推進法
20030716,法律|政令,平成十五年法律第百十一号,性同一性障害者の性別の取扱いの特例に関する法律
20030718,法律|政令,平成十五年法律第百二十四号,成田国際空港株式会社法
20030724,法律|政令,平成十五年法律第百二十六号,母子家庭の母の就業の支援に関する特別措置法　抄
20030725,法律|政令,平成十五年法律第百三十号,環境教育等による環境保全の取組の促進に関する法律
20030730,法律|政令,平成十五年法律第百三十三号,少子化社会対策基本法
20030801,法律|政令,平成十五年法律第百三十八号,仲裁法
20040216,法律|政令,平成十六年法律第三号,平成十四年度歳入歳出の決算上の剰余金の処理の特例に関する法律
20040216,法律|政令,平成十六年法律第四号,農業共済再保険特別会計の農業勘定における平成十五年度の再保険金の支払財源の不足に充てるために行う積立金の歳入への繰入れに関する法律
20040216,法律|政令,平成十六年法律第二号,平成十五年度の水田農業経営確立助成補助金等についての所得税及び法人税の臨時特例に関する法律
20040331,法律|政令,平成十六年法律第二十二号,平成十六年度における財政運営のための公債の発行の特例等に関する法律
20040331,法律|政令,平成十六年法律第二十三号,平成十六年度における児童扶養手当法による手当の額等の改定の特例に関する法律
20040402,法律|政令,平成十六年法律第二十七号,日本海溝・千島海溝周辺海溝型地震に係る地震防災対策の推進に関する特別措置法
20040414,法律|政令,平成十六年法律第三十一号,国際航海船舶及び国際港湾施設の保安の確保等に関する法律
20040512,法律|政令,平成十六年法律第四十五号,労働審判法
20040526,法律|政令,平成十六年法律第五十九号,市町村の合併の特例に関する法律
20040528,法律|政令,平成十六年法律第六十三号,裁判員の参加する刑事裁判に関する法律
20040602,法律|政令,平成十六年法律第七十四号,総合法律支援法
20040602,法律|政令,平成十六年法律第七十五号,破産法
20040602,法律|政令,平成十六年法律第七十七号,環境情報の提供の促進等による特定事業者等の環境に配慮した事業活動の促進に関する法律
20040602,法律|政令,平成十六年法律第七十八号,特定外来生物による生態系等に係る被害の防止に関する法律
20040604,法律|政令,平成十六年法律第八十一号,コンテンツの創造、保護及び活用の促進に関する法律
20040609,法律|政令,平成十六年法律第九十九号,高速道路株式会社法
20040609,法律|政令,平成十六年法律第百号,独立行政法人日本高速道路保有・債務返済機構法
20040609,法律|政令,平成十六年法律第百二号,日本道路公団等民営化関係法施行法　抄
20040611,法律|政令,平成十六年法律第百五号,年金積立金管理運用独立行政法人法
20040618,法律|政令,平成十六年法律第百十号,景観法
20040618,法律|政令,平成十六年法律第百十二号,武力攻撃事態等における国民の保護のための措置に関する法律
20040618,法律|政令,平成十六年法律第百十三号,武力攻撃事態等及び存立危機事態におけるアメリカ合衆国等の軍隊の行動に伴い我が国が実施する措置に関する法律
20040618,法律|政令,平成十六年法律第百十四号,武力攻撃事態等における特定公共施設等の利用に関する法律
20040618,法律|政令,平成十六年法律第百十五号,国際人道法の重大な違反行為の処罰に関する法律
20040618,法律|政令,平成十六年法律第百十六号,武力攻撃事態及び存立危機事態における外国軍用品等の海上輸送の規制に関する法律
20040618,法律|政令,平成十六年法律第百十七号,武力攻撃事態及び存立危機事態における捕虜等の取扱いに関する法律
20040618,法律|政令,平成十六年法律第百十九号,知的財産高等裁判所設置法
20040618,法律|政令,平成十六年法律第百二十一号,判事補及び検事の弁護士職務経験に関する法律
20040618,法律|政令,平成十六年法律第百二十二号,公益通報者保護法
20040618,法律|政令,平成十六年法律第百二十三号,不動産登記法
20040618,法律|政令,平成十六年法律第百二十八号,金融機能の強化のための特別措置に関する法律
20040618,法律|政令,平成十六年法律第百二十五号,特定船舶の入港の禁止に関する特別措置法
20040623,法律|政令,平成十六年法律第百三十五号,国立研究開発法人医薬基盤・健康・栄養研究所法
20041125,法律|政令,平成十六年法律第百四十三号,経済連携協定に基づく特定原産地証明書の発給等に関する法律
20041201,法律|政令,平成十六年法律第百四十九号,民間事業者等が行う書面の保存等における情報通信の技術の利用に関する法律
20041201,法律|政令,平成十六年法律第百五十一号,裁判外紛争解決手続の利用の促進に関する法律
20041203,法律|政令,平成十六年法律第百五十四号,信託業法
20041203,法律|政令,平成十六年法律第百五十五号,国立研究開発法人日本原子力研究開発機構法
20041208,法律|政令,平成十六年法律第百六十二号,アメリカ合衆国の千九百十六年の反不当廉売法に基づき受けた利益の返還義務等に関する特別措置法
20041208,法律|政令,平成十六年法律第百六十一号,犯罪被害者等基本法
20041210,法律|政令,平成十六年法律第百六十六号,特定障害者に対する特別障害給付金の支給に関する法律
20041210,法律|政令,平成十六年法律第百六十七号,発達障害者支援法
20050209,法律|政令,平成十七年法律第一号,平成十六年度分として交付すべき地方交付税の総額の特例に関する法律
20050216,法律|政令,平成十七年法律第二号,平成十六年度の水田農業構造改革交付金等についての所得税及び法人税の臨時特例に関する法律
20050330,法律|政令,平成十七年法律第九号,児童扶養手当法による児童扶養手当の額等の改定の特例に関する法律
20050331,法律|政令,平成十七年法律第十九号,平成十七年度における財政運営のための公債の発行の特例等に関する法律
20050331,法律|政令,平成十七年法律第十八号,公共工事の品質確保の促進に関する法律
20050401,法律|政令,平成十七年法律第二十四号,地域再生法
20050415,法律|政令,平成十七年法律第三十一号,携帯音声通信事業者による契約者等の本人確認等及び携帯音声通信役務の不正な利用の防止に関する法律
20050420,法律|政令,平成十七年法律第三十二号,日本アルコール産業株式会社法
20050506,法律|政令,平成十七年法律第四十号,有限責任事業組合契約に関する法律
20050506,法律|政令,平成十七年法律第四十一号,都市鉄道等利便増進法
20050520,法律|政令,平成十七年法律第四十八号,原子力発電における使用済燃料の再処理等の実施に関する法律
20050525,法律|政令,平成十七年法律第五十号,刑事収容施設及び被収容者等の処遇に関する法律
20050525,法律|政令,平成十七年法律第五十一号,特定特殊自動車排出ガスの規制等に関する法律
20050617,法律|政令,平成十七年法律第六十三号,食育基本法
20050622,法律|政令,平成十七年法律第七十一号,独立行政法人地域医療機能推進機構法
20050629,法律|政令,平成十七年法律第七十九号,地域における多様な需要に応じた公的賃貸住宅等の整備等に関する特別措置法
20050706,法律|政令,平成十七年法律第八十二号,独立行政法人住宅金融支援機構法
20050722,法律|政令,平成十七年法律第八十五号,流通業務の総合化及び効率化の促進に関する法律
20050726,法律|政令,平成十七年法律第八十六号,会社法
20050726,法律|政令,平成十七年法律第八十七号,会社法の施行に伴う関係法律の整備等に関する法律　抄
20050729,法律|政令,平成十七年法律第九十一号,文字・活字文化振興法
20050810,法律|政令,平成十七年法律第九十四号,偽造カード等及び盗難カード等を用いて行われる不正な機械式預貯金払戻し等からの預貯金者の保護等に関する法律
20050815,法律|政令,平成十七年法律第九十六号,出入国管理及び難民認定法第二条第五号ロの旅券を所持する外国人の上陸申請の特例に関する法律
20051021,法律|政令,平成十七年法律第九十七号,郵政民営化法
20051021,法律|政令,平成十七年法律第九十八号,日本郵政株式会社法
20051021,法律|政令,平成十七年法律第百号,日本郵便株式会社法
20051021,法律|政令,平成十七年法律第百一号,独立行政法人郵便貯金簡易生命保険管理・郵便局ネットワーク支援機構法
20051107,法律|政令,平成十七年法律第百二十三号,障害者の日常生活及び社会生活を総合的に支援するための法律
20051109,法律|政令,平成十七年法律第百二十四号,高齢者虐待の防止、高齢者の養護者に対する支援等に関する法律
20060210,法律|政令,平成十八年法律第三号,平成十七年度分として交付すべき地方交付税の総額の特例に関する法律
20060210,法律|政令,平成十八年法律第四号,石綿による健康被害の救済に関する法律
20060216,法律|政令,平成十八年法律第六号,平成十七年度の水田農業構造改革交付金等についての所得税及び法人税の臨時特例に関する法律
20060331,法律|政令,平成十八年法律第十一号,平成十八年度における財政運営のための公債の発行の特例等に関する法律
20060331,法律|政令,平成十八年法律第二十二号,独立行政法人消防研究所の解散に関する法律
20060426,法律|政令,平成十八年法律第三十三号,中小企業のものづくり基盤技術の高度化に関する法律
20060602,法律|政令,平成十八年法律第四十七号,簡素で効率的な政府を実現するための行政改革の推進に関する法律
20060602,法律|政令,平成十八年法律第四十八号,一般社団法人及び一般財団法人に関する法律
20060602,法律|政令,平成十八年法律第四十九号,公益社団法人及び公益財団法人の認定等に関する法律
20060602,法律|政令,平成十八年法律第五十号,一般社団法人及び一般財団法人に関する法律及び公益社団法人及び公益財団法人の認定等に関する法律の施行に伴う関係法律の整備等に関する法律　抄
20060602,法律|政令,平成十八年法律第五十一号,競争の導入による公共サービスの改革に関する法律
20060608,法律|政令,平成十八年法律第六十一号,住生活基本法
20060608,法律|政令,平成十八年法律第六十号,探偵業の業務の適正化に関する法律
20060614,法律|政令,平成十八年法律第七十号,国家公務員の留学費用の償還に関する法律
20060615,法律|政令,平成十八年法律第七十三号,遺失物法
20060615,法律|政令,平成十八年法律第七十七号,就学前の子どもに関する教育、保育等の総合的な提供の推進に関する法律
20060621,法律|政令,平成十八年法律第七十八号,法の適用に関する通則法
20060621,法律|政令,平成十八年法律第八十七号,犯罪被害財産等による被害回復給付金の支給に関する法律
20060621,法律|政令,平成十八年法律第八十八号,農業の担い手に対する経営安定のための交付金の交付に関する法律
20060621,法律|政令,平成十八年法律第九十一号,高齢者、障害者等の移動等の円滑化の促進に関する法律
20060621,法律|政令,平成十八年法律第八十五号,自殺対策基本法
20060623,法律|政令,平成十八年法律第九十六号,拉致問題その他北朝鮮当局による人権侵害問題への対処に関する法律
20060623,法律|政令,平成十八年法律第九十七号,海外の文化遺産の保護に係る国際的な協力の推進に関する法律
20060623,法律|政令,平成十八年法律第九十八号,がん対策基本法
20061122,法律|政令,平成十八年法律第百三号,ドミニカ移住者に対する特別一時金の支給等に関する法律
20061215,法律|政令,平成十八年法律第百八号,信託法
20061215,法律|政令,平成十八年法律第百十二号,有機農業の推進に関する法律
20061220,法律|政令,平成十八年法律第百十六号,道州制特別区域における広域行政の推進に関する法律
20061220,法律|政令,平成十八年法律第百十七号,観光立国推進基本法
20061222,法律|政令,平成十八年法律第百二十号,教育基本法
20070216,法律|政令,平成十九年法律第二号,平成十八年度の水田農業構造改革交付金等についての所得税及び法人税の臨時特例に関する法律
20070331,法律|政令,平成十九年法律第二十二号,犯罪による収益の移転防止に関する法律
20070331,法律|政令,平成十九年法律第二十三号,特別会計に関する法律
20070331,法律|政令,平成十九年法律第二十五号,平成十九年度における財政運営のための公債の発行の特例等に関する法律
20070427,法律|政令,平成十九年法律第三十二号,武力紛争の際の文化財の保護に関する法律
20070427,法律|政令,平成十九年法律第三十三号,海洋基本法
20070427,法律|政令,平成十九年法律第三十四号,海洋構築物等に係る安全水域の設定等に関する法律
20070511,法律|政令,平成十九年法律第三十七号,国際刑事裁判所に対する協力等に関する法律
20070511,法律|政令,平成十九年法律第三十八号,放射線を発散させて人の生命等に危険を生じさせる行為等の処罰に関する法律
20070511,法律|政令,平成十九年法律第三十九号,中小企業による地域産業資源を活用した事業活動の促進に関する法律
20070511,法律|政令,平成十九年法律第四十号,地域経済牽引事業の促進による地域の成長発展の基盤強化に関する法律
20070516,法律|政令,平成十九年法律第四十五号,国家公務員の自己啓発等休業に関する法律
20070516,法律|政令,平成十九年法律第四十八号,農山漁村の活性化のための定住等及び地域間交流の促進に関する法律
20070518,法律|政令,平成十九年法律第五十二号,広域的地域活性化のための基盤整備に関する法律
20070518,法律|政令,平成十九年法律第五十一号,日本国憲法の改正手続に関する法律　抄
20070523,法律|政令,平成十九年法律第五十三号,統計法
20070523,法律|政令,平成十九年法律第五十六号,国等における温室効果ガス等の排出の削減に配慮した契約の推進に関する法律
20070525,法律|政令,平成十九年法律第五十七号,株式会社日本政策金融公庫法
20070525,法律|政令,平成十九年法律第五十九号,地域公共交通の活性化及び再生に関する法律
20070530,法律|政令,平成十九年法律第六十四号,地方公共団体金融機構法
20070530,法律|政令,平成十九年法律第六十六号,特定住宅瑕疵担保責任の履行の確保等に関する法律
20070530,法律|政令,平成十九年法律第六十七号,駐留軍等の再編の円滑な実施に関する特別措置法
20070530,法律|政令,平成十九年法律第六十三号,地理空間情報活用推進基本法
20070530,法律|政令,平成十九年法律第六十五号,映画の盗撮の防止に関する法律
20070601,法律|政令,平成十九年法律第七十四号,株式会社商工組合中央金庫法
20070608,法律|政令,平成十九年法律第八十一号,カネミ油症事件関係仮払金返還債権の免除についての特例に関する法律
20070613,法律|政令,平成十九年法律第八十五号,株式会社日本政策投資銀行法
20070615,法律|政令,平成十九年法律第八十八号,更生保護法
20070622,法律|政令,平成十九年法律第九十四号,地方公共団体の財政の健全化に関する法律
20070627,法律|政令,平成十九年法律第百二号,電子記録債権法
20070627,法律|政令,平成十九年法律第百四号,社会保障協定の実施に伴う厚生年金保険法等の特例等に関する法律
20070627,法律|政令,平成十九年法律第百三号,救急医療用ヘリコプターを用いた救急医療の確保に関する特別措置法
20070627,法律|政令,平成十九年法律第百五号,エコツーリズム推進法
20070706,法律|政令,平成十九年法律第百九号,日本年金機構法
20070706,法律|政令,平成十九年法律第百十一号,厚生年金保険の保険給付及び国民年金の給付に係る時効の特例等に関する法律
20070706,法律|政令,平成十九年法律第百十二号,住宅確保要配慮者に対する賃貸住宅の供給の促進に関する法律
20071205,法律|政令,平成十九年法律第百二十八号,労働契約法
20071219,法律|政令,平成十九年法律第百三十一号,厚生年金保険の保険給付及び保険料の納付の特例等に関する法律
20071221,法律|政令,平成十九年法律第百三十三号,犯罪利用預金口座等に係る資金による被害回復分配金の支払等に関する法律
20071221,法律|政令,平成十九年法律第百三十四号,鳥獣による農林水産業等に係る被害の防止のための特別措置に関する法律
20080116,法律|政令,平成二十年法律第二号,特定フィブリノゲン製剤及び特定血液凝固第ＩＸ因子製剤によるＣ型肝炎感染被害者を救済するための給付金の支給に関する特別措置法
20080430,法律|政令,平成二十年法律第二十四号,平成二十年度における公債の発行の特例に関する法律
20080516,法律|政令,平成二十年法律第三十二号,森林の間伐等の実施の促進に関する特別措置法
20080516,法律|政令,平成二十年法律第三十三号,中小企業における経営の承継の円滑化に関する法律
20080523,法律|政令,平成二十年法律第三十八号,中小企業者と農林漁業者との連携による事業活動の促進に関する法律
20080523,法律|政令,平成二十年法律第三十九号,観光圏の整備による観光旅客の来訪及び滞在の促進に関する法律
20080523,法律|政令,平成二十年法律第四十号,地域における歴史的風致の維持及び向上に関する法律
20080528,法律|政令,平成二十年法律第四十五号,農林漁業有機物資源のバイオ燃料の原材料としての利用の促進に関する法律
20080528,法律|政令,平成二十年法律第四十三号,宇宙基本法
20080606,法律|政令,平成二十年法律第五十六号,保険法
20080606,法律|政令,平成二十年法律第五十八号,生物多様性基本法
20080611,法律|政令,平成二十年法律第六十四号,領海等における外国船舶の航行に関する法律
20080611,法律|政令,平成二十年法律第六十三号,科学技術・イノベーション創出の活性化に関する法律
20080613,法律|政令,平成二十年法律第六十八号,国家公務員制度改革基本法
20080618,法律|政令,平成二十年法律第八十三号,愛がん動物用飼料の安全性の確保に関する法律
20080618,法律|政令,平成二十年法律第七十九号,青少年が安全に安心してインターネットを利用できる環境の整備等に関する法律
20080618,法律|政令,平成二十年法律第八十号,オウム真理教犯罪被害者等を救済するための給付金の支給に関する法律
20080618,法律|政令,平成二十年法律第八十一号,障害のある児童及び生徒のための教科用特定図書等の普及の促進等に関する法律
20080618,法律|政令,平成二十年法律第八十二号,ハンセン病問題の解決の促進に関する法律
20081022,法律|政令,平成二十年法律第八十四号,地方税等減収補てん臨時交付金に関する法律
20081205,法律|政令,平成二十年法律第八十七号,長期優良住宅の普及の促進に関する法律
20081219,法律|政令,平成二十年法律第九十三号,高度専門医療に関する研究等を行う国立研究開発法人に関する法律
20090220,法律|政令,平成二十一年法律第二号,平成二十年度における地方道路整備臨時交付金の総額の限度額の特例に関する法律
20090304,法律|政令,平成二十一年法律第四号,平成二十年度における財政運営のための財政投融資特別会計からの繰入れの特例に関する法律
20090331,法律|政令,平成二十一年法律第十七号,財政運営に必要な財源の確保を図るための公債の発行及び財政投融資特別会計からの繰入れの特例に関する法律
20090424,法律|政令,平成二十一年法律第二十四号,外国等に対する我が国の民事裁判権に関する法律
20090424,法律|政令,平成二十一年法律第二十五号,米穀の新用途への利用の促進に関する法律
20090424,法律|政令,平成二十一年法律第二十六号,米穀等の取引等に係る情報の記録及び産地情報の伝達に関する法律
20090501,法律|政令,平成二十一年法律第三十七号,厚生年金保険の保険給付及び国民年金の給付の支払の遅延に係る加算金の支給に関する法律
20090520,法律|政令,平成二十一年法律第四十号,公共サービス基本法
20090605,法律|政令,平成二十一年法律第四十八号,消費者庁及び消費者委員会設置法
20090605,法律|政令,平成二十一年法律第五十号,消費者安全法
20090612,法律|政令,平成二十一年法律第五十二号,バイオマス活用推進基本法
20090624,法律|政令,平成二十一年法律第五十五号,海賊行為の処罰及び海賊行為への対処に関する法律
20090624,法律|政令,平成二十一年法律第五十九号,資金決済に関する法律
20090626,法律|政令,平成二十一年法律第六十三号,株式会社地域経済活性化支援機構法
20090626,法律|政令,平成二十一年法律第六十四号,特定地域及び準特定地域における一般乗用旅客自動車運送事業の適正化及び活性化に関する特別措置法
20090701,法律|政令,平成二十一年法律第六十六号,公文書等の管理に関する法律
20090708,法律|政令,平成二十一年法律第七十一号,子ども・若者育成支援推進法
20090708,法律|政令,平成二十一年法律第七十二号,エネルギー供給事業者による非化石エネルギー源の利用及び化石エネルギー原料の有効な利用の促進に関する法律
20090710,法律|政令,平成二十一年法律第七十六号,沖縄科学技術大学院大学学園法
20090715,法律|政令,平成二十一年法律第八十号,商店街の活性化のための地域住民の需要に応じた事業活動の促進に関する法律
20090715,法律|政令,平成二十一年法律第八十一号,水俣病被害者の救済及び水俣病問題の解決に関する特別措置法
20090715,法律|政令,平成二十一年法律第八十二号,美しく豊かな自然を保護するための海岸における良好な景観及び環境の保全に係る海岸漂着物等の処理等の推進に関する法律
20090717,法律|政令,平成二十一年法律第八十五号,クラスター弾等の製造の禁止及び所持の規制等に関する法律
20091204,法律|政令,平成二十一年法律第九十八号,新型インフルエンザ予防接種による健康被害の救済に関する特別措置法
20091204,法律|政令,平成二十一年法律第九十七号,肝炎対策基本法
20091209,法律|政令,平成二十一年法律第九十九号,原爆症認定集団訴訟の原告に係る問題の解決のための基金に対する補助に関する法律
20100331,法律|政令,平成二十二年法律第七号,平成二十二年度における財政運営のための公債の発行の特例等に関する法律
20100331,法律|政令,平成二十二年法律第八号,租税特別措置の適用状況の透明化等に関する法律
20100331,法律|政令,平成二十二年法律第十八号,高等学校等就学支援金の支給に関する法律
20100331,法律|政令,平成二十二年法律第十九号,平成二十二年度等における子ども手当の支給に関する法律
20100526,法律|政令,平成二十二年法律第三十六号,公共建築物等における木材の利用の促進に関する法律
20100528,法律|政令,平成二十二年法律第三十八号,エネルギー環境適合製品の開発及び製造を行う事業の促進に関する法律
20100602,法律|政令,平成二十二年法律第四十一号,排他的経済水域及び大陸棚の保全及び利用の促進のための低潮線の保全及び拠点施設の整備等に関する法律
20100602,法律|政令,平成二十二年法律第四十二号,ＰＴＡ・青少年教育団体共済法
20100604,法律|政令,平成二十二年法律第四十三号,国際連合安全保障理事会決議第千八百七十四号等を踏まえ我が国が実施する貨物検査等に関する特別措置法
20100604,法律|政令,平成二十二年法律第四十四号,口蹄疫対策特別措置法　抄
20100616,法律|政令,平成二十二年法律第四十五号,戦後強制抑留者に係る問題に関する特別措置法
20101029,法律|政令,平成二十二年法律第四十九号,平成二十二年四月以降において発生が確認された口蹄疫に起因して生じた事態に対処するための手当金等についての個人の道府県民税及び市町村民税の臨時特例に関する法律
20101029,法律|政令,平成二十二年法律第五十号,平成二十二年四月以降において発生が確認された口蹄疫に起因して生じた事態に対処するための手当金等についての所得税及び法人税の臨時特例に関する法律
20101203,法律|政令,平成二十二年法律第六十七号,地域資源を活用した農林漁業者等による新事業の創出等及び地域の農林水産物の利用促進に関する法律
20101210,法律|政令,平成二十二年法律第七十二号,地域における多様な主体の連携による生物の多様性の保全のための活動の促進等に関する法律
20110331,法律|政令,平成二十三年法律第十一号,平成二十三年東北地方太平洋沖地震等による災害からの復旧復興に資するための国会議員の歳費の月額の減額特例に関する法律
20110401,法律|政令,平成二十三年法律第十五号,海外の美術品等の我が国における公開の促進に関する法律
20110404,法律|政令,平成二十三年法律第十七号,展覧会における美術品損害の補償に関する法律
20110422,法律|政令,平成二十三年法律第二十一号,お茶の振興に関する法律
20110427,法律|政令,平成二十三年法律第二十九号,東日本大震災の被災者等に係る国税関係法律の臨時特例に関する法律
20110429,法律|政令,平成二十三年法律第三十三号,東日本大震災による被害を受けた公共土木施設の災害復旧事業等に係る工事の国等による代行に関する法律
20110429,法律|政令,平成二十三年法律第三十四号,東日本大震災により甚大な被害を受けた市街地における建築制限の特例に関する法律
20110502,法律|政令,平成二十三年法律第三十八号,国と地方の協議の場に関する法律
20110502,法律|政令,平成二十三年法律第三十九号,株式会社国際協力銀行法
20110502,法律|政令,平成二十三年法律第四十号,東日本大震災に対処するための特別の財政援助及び助成に関する法律
20110502,法律|政令,平成二十三年法律第四十一号,東日本大震災に対処する等のための平成二十三年度分の地方交付税の総額の特例等に関する法律
20110502,法律|政令,平成二十三年法律第四十二号,東日本大震災に対処するために必要な財源の確保を図るための特別措置に関する法律
20110502,法律|政令,平成二十三年法律第四十三号,東日本大震災に対処するための土地改良法の特例に関する法律
20110502,法律|政令,平成二十三年法律第四十四号,東日本大震災に伴う海区漁業調整委員会及び農業委員会の委員の選挙の臨時特例に関する法律
20110520,法律|政令,平成二十三年法律第四十七号,職業訓練の実施等による特定求職者の就職の支援に関する法律
20110525,法律|政令,平成二十三年法律第五十一号,非訟事件手続法
20110525,法律|政令,平成二十三年法律第五十二号,家事事件手続法
20110525,法律|政令,平成二十三年法律第五十四号,関西国際空港及び大阪国際空港の一体的かつ効率的な設置及び管理に関する法律
20110608,法律|政令,平成二十三年法律第六十四号,東日本大震災の被災者に係る一般旅券の発給の特例に関する法律
20110615,法律|政令,平成二十三年法律第六十八号,東日本大震災に伴う地上デジタル放送に係る電波法の特例に関する法律
20110621,法律|政令,平成二十三年法律第六十九号,東日本大震災に伴う相続の承認又は放棄をすべき期間に係る民法の特例に関する法律
20110624,法律|政令,平成二十三年法律第七十六号,東日本大震災復興基本法
20110624,法律|政令,平成二十三年法律第七十七号,津波対策の推進に関する法律
20110624,法律|政令,平成二十三年法律第七十八号,スポーツ基本法
20110624,法律|政令,平成二十三年法律第七十九号,障害者虐待の防止、障害者の養護者に対する支援等に関する法律
20110629,法律|政令,平成二十三年法律第八十一号,総合特別区域法
20110729,法律|政令,平成二十三年法律第八十八号,平成二十二年度歳入歳出の決算上の剰余金の処理の特例に関する法律
20110805,法律|政令,平成二十三年法律第九十一号,平成二十三年原子力事故による被害に係る緊急措置に関する法律
20110810,法律|政令,平成二十三年法律第九十四号,原子力損害賠償・廃炉等支援機構法
20110810,法律|政令,平成二十三年法律第九十五号,歯科口腔保健の推進に関する法律
20110812,法律|政令,平成二十三年法律第九十八号,東日本大震災における原子力発電所の事故による災害に対処するための避難住民に係る事務処理の特例及び住所移転者に係る措置に関する法律
20110818,法律|政令,平成二十三年法律第九十九号,東日本大震災により生じた災害廃棄物の処理に関する特別措置法
20110830,法律|政令,平成二十三年法律第百六号,平成二十三年度における公債の発行の特例に関する法律
20110830,法律|政令,平成二十三年法律第百七号,平成二十三年度における子ども手当の支給等に関する特別措置法
20110830,法律|政令,平成二十三年法律第百八号,電気事業者による再生可能エネルギー電気の調達に関する特別措置法
20110830,法律|政令,平成二十三年法律第百一号,運輸事業の振興の助成に関する法律
20110830,法律|政令,平成二十三年法律第百二号,東日本大震災等に伴う合併市町村に係る地方債の特例に関する法律
20110830,法律|政令,平成二十三年法律第百三号,東日本大震災関連義援金に係る差押禁止等に関する法律
20110830,法律|政令,平成二十三年法律第百十号,平成二十三年三月十一日に発生した東北地方太平洋沖地震に伴う原子力発電所の事故により放出された放射性物質による環境の汚染への対処に関する特別措置法
20111128,法律|政令,平成二十三年法律第百十三号,株式会社東日本大震災事業者再生支援機構法
20111202,法律|政令,平成二十三年法律第百十七号,東日本大震災からの復興のための施策を実施するために必要な財源の確保に関する特別措置法
20111202,法律|政令,平成二十三年法律第百十八号,東日本大震災からの復興に関し地方公共団体が実施する防災のための施策に必要な財源の確保に係る地方税の臨時特例に関する法律
20111214,法律|政令,平成二十三年法律第百二十二号,東日本大震災復興特別区域法
20111214,法律|政令,平成二十三年法律第百二十三号,津波防災地域づくりに関する法律
20111216,法律|政令,平成二十三年法律第百二十五号,復興庁設置法
20111216,法律|政令,平成二十三年法律第百二十六号,特定Ｂ型肝炎ウイルス感染者給付金等の支給に関する特別措置法
20120229,法律|政令,平成二十四年法律第二号,国家公務員の給与の改定及び臨時特例に関する法律　抄
20120329,法律|政令,平成二十四年法律第六号,東日本大震災の被災者に対する援助のための日本司法支援センターの業務の特例に関する法律
20120331,法律|政令,平成二十四年法律第二十五号,福島復興再生特別措置法
20120427,法律|政令,平成二十四年法律第二十九号,国会議員の歳費及び期末手当の臨時特例に関する法律
20120511,法律|政令,平成二十四年法律第三十一号,新型インフルエンザ等対策特別措置法
20120622,法律|政令,平成二十四年法律第三十四号,警察等が取り扱う死体の死因又は身元の調査等に関する法律
20120627,法律|政令,平成二十四年法律第五十二号,特定タンカーに係る特定賠償義務履行担保契約等に関する特別措置法
20120627,法律|政令,平成二十四年法律第四十七号,原子力規制委員会設置法
20120627,法律|政令,平成二十四年法律第四十八号,東京電力原子力事故により被災した子どもをはじめとする住民等の生活を守り支えるための被災者の生活支援等に関する施策の推進に関する法律
20120627,法律|政令,平成二十四年法律第四十九号,劇場、音楽堂等の活性化に関する法律
20120627,法律|政令,平成二十四年法律第五十号,国等による障害者就労施設等からの物品等の調達の推進等に関する法律
20120803,法律|政令,平成二十四年法律第五十五号,特定多国籍企業による研究開発事業等の促進に関する特別措置法
20120810,法律|政令,平成二十四年法律第五十七号,使用済小型電子機器等の再資源化の促進に関する法律
20120822,法律|政令,平成二十四年法律第六十五号,子ども・子育て支援法
20120822,法律|政令,平成二十四年法律第六十八号,社会保障の安定財源の確保等を図る税制の抜本的な改革を行うための消費税法の一部を改正する等の法律　抄
20120822,法律|政令,平成二十四年法律第六十一号,消費者教育の推進に関する法律
20120822,法律|政令,平成二十四年法律第六十四号,社会保障制度改革推進法
20120905,法律|政令,平成二十四年法律第八十三号,株式会社農林漁業成長産業化支援機構法
20120905,法律|政令,平成二十四年法律第八十四号,都市の低炭素化の促進に関する法律
20120905,法律|政令,平成二十四年法律第八十号,大都市地域における特別区の設置に関する法律
20120905,法律|政令,平成二十四年法律第八十一号,古典の日に関する法律
20120905,法律|政令,平成二十四年法律第八十二号,カネミ油症患者に関する施策の総合的な推進に関する法律
20120912,法律|政令,平成二十四年法律第九十号,移植に用いる造血幹細胞の適切な提供の推進に関する法律
20120914,法律|政令,平成二十四年法律第九十二号,母子家庭の母及び父子家庭の父の就業の支援に関する特別措置法
20121126,法律|政令,平成二十四年法律第百一号,財政運営に必要な財源の確保を図るための公債の発行の特例に関する法律
20121126,法律|政令,平成二十四年法律第百二号,年金生活者支援給付金の支給に関する法律
20130510,法律|政令,平成二十五年法律第十四号,外国政府に対して有する米穀の売渡しに係る債権の免除に関する特別措置法
20130510,法律|政令,平成二十五年法律第十三号,再生医療を国民が迅速かつ安全に受けられるようにするための施策の総合的な推進に関する法律
20130531,法律|政令,平成二十五年法律第二十七号,行政手続における特定の個人を識別するための番号の利用等に関する法律
20130531,法律|政令,平成二十五年法律第二十九号,地方公共団体情報システム機構法
20130612,法律|政令,平成二十五年法律第四十一号,消費税の円滑かつ適正な転嫁の確保のための消費税の転嫁を阻害する行為の是正等に関する特別措置法
20130619,法律|政令,平成二十五年法律第四十八号,国際的な子の奪取の民事上の側面に関する条約の実施に関する法律
20130619,法律|政令,平成二十五年法律第五十号,薬物使用等の罪を犯した者に対する刑の一部の執行猶予に関する法律
20130619,法律|政令,平成二十五年法律第五十一号,株式会社海外需要開拓支援機構法
20130621,法律|政令,平成二十五年法律第五十五号,大規模災害からの復興に関する法律
20130626,法律|政令,平成二十五年法律第六十一号,大規模な災害の被災地における借地借家に関する特別措置法
20130626,法律|政令,平成二十五年法律第六十五号,障害を理由とする差別の解消の推進に関する法律
20130626,法律|政令,平成二十五年法律第六十七号,民間の能力を活用した国管理空港等の運営等に関する法律
20130626,法律|政令,平成二十五年法律第六十四号,子どもの貧困対策の推進に関する法律
20130626,法律|政令,平成二十五年法律第六十六号,死刑再審無罪者に対し国民年金の給付等を行うための国民年金の保険料の納付の特例等に関する法律
20130628,法律|政令,平成二十五年法律第七十号,食品表示法
20130628,法律|政令,平成二十五年法律第七十一号,いじめ防止対策推進法
20131120,法律|政令,平成二十五年法律第七十五号,海賊多発海域における日本船舶の警備に関する特別措置法
20131122,法律|政令,平成二十五年法律第七十八号,国家公務員の配偶者同行休業に関する法律
20131122,法律|政令,平成二十五年法律第八十一号,農林漁業の健全な発展と調和のとれた再生可能エネルギー電気の発電の促進に関する法律
20131122,法律|政令,平成二十五年法律第八十二号,独立行政法人原子力安全基盤機構の解散に関する法律
20131122,法律|政令,平成二十五年法律第八十号,国会職員の配偶者同行休業に関する法律
20131127,法律|政令,平成二十五年法律第八十五号,再生医療等の安全性の確保等に関する法律
20131127,法律|政令,平成二十五年法律第八十六号,自動車の運転により人を死傷させる行為等の処罰に関する法律
20131129,法律|政令,平成二十五年法律第八十八号,首都直下地震対策特別措置法
20131204,法律|政令,平成二十五年法律第九十一号,裁判官の配偶者同行休業に関する法律
20131204,法律|政令,平成二十五年法律第九十二号,交通政策基本法
20131211,法律|政令,平成二十五年法律第九十六号,消費者の財産的被害の集団的な回復のための民事の裁判手続の特例に関する法律
20131211,法律|政令,平成二十五年法律第九十八号,産業競争力強化法
20131211,法律|政令,平成二十五年法律第九十五号,強くしなやかな国民生活の実現を図るための防災・減災等に資する国土強靱化基本法
20131211,法律|政令,平成二十五年法律第九十七号,東日本大震災における原子力発電所の事故により生じた原子力損害に係る早期かつ確実な賠償を実現するための措置及び当該原子力損害に係る賠償請求権の消滅時効の特例に関する法律
20131213,法律|政令,平成二十五年法律第百一号,農地中間管理事業の推進に関する法律
20131213,法律|政令,平成二十五年法律第百五号,生活困窮者自立支援法
20131213,法律|政令,平成二十五年法律第百七号,国家戦略特別区域法
20131213,法律|政令,平成二十五年法律第百八号,特定秘密の保護に関する法律
20131213,法律|政令,平成二十五年法律第百十二号,持続可能な社会保障制度の確立を図るための改革の推進に関する法律
20131213,法律|政令,平成二十五年法律第百九号,アルコール健康障害対策基本法
20131213,法律|政令,平成二十五年法律第百十号,消防団を中核とした地域防災力の充実強化に関する法律
20131213,法律|政令,平成二十五年法律第百十一号,がん登録等の推進に関する法律
20140331,法律|政令,平成二十六年法律第十一号,地方法人税法
20140402,法律|政令,平成二十六年法律第十六号,水循環基本法
20140402,法律|政令,平成二十六年法律第十七号,雨水の利用の推進に関する法律
20140418,法律|政令,平成二十六年法律第二十四号,株式会社海外交通・都市開発事業支援機構法
20140530,法律|政令,平成二十六年法律第四十八号,健康・医療戦略推進法
20140530,法律|政令,平成二十六年法律第四十九号,国立研究開発法人日本医療研究開発機構法
20140530,法律|政令,平成二十六年法律第五十号,難病の患者に対する医療等に関する法律
20140604,法律|政令,平成二十六年法律第五十七号,重大な犯罪を防止し、及びこれと戦う上での協力の強化に関する日本国政府とアメリカ合衆国政府との間の協定の実施に関する法律
20140611,法律|政令,平成二十六年法律第五十八号,少年院法
20140611,法律|政令,平成二十六年法律第五十九号,少年鑑別所法
20140613,法律|政令,平成二十六年法律第六十八号,行政不服審査法
20140620,法律|政令,平成二十六年法律第七十八号,農業の有する多面的機能の発揮の促進に関する法律
20140625,法律|政令,平成二十六年法律第八十四号,特定農林水産物等の名称の保護に関する法律
20140625,法律|政令,平成二十六年法律第八十五号,地域自然資産区域における自然環境の保全及び持続可能な利用の推進に関する法律
20140627,法律|政令,平成二十六年法律第九十四号,小規模企業振興基本法
20140627,法律|政令,平成二十六年法律第九十七号,介護・障害福祉従事者の人材確保のための介護・障害福祉従事者の処遇改善に関する法律
20140627,法律|政令,平成二十六年法律第九十八号,アレルギー疾患対策基本法
20140627,法律|政令,平成二十六年法律第九十九号,国民が受ける医療の質の向上のための医療機器の研究開発及び普及の促進に関する法律
20140627,法律|政令,平成二十六年法律第百号,過労死等防止対策推進法
20140627,法律|政令,平成二十六年法律第百一号,養豚農業振興法
20140627,法律|政令,平成二十六年法律第百二号,花きの振興に関する法律
20140627,法律|政令,平成二十六年法律第百三号,内水面漁業の振興に関する法律
20141112,法律|政令,平成二十六年法律第百四号,サイバーセキュリティ基本法
20141119,法律|政令,平成二十六年法律第百十二号,経済連携協定に基づく申告原産品に係る情報の提供等に関する法律
20141127,法律|政令,平成二十六年法律第百二十四号,国際連合安全保障理事会決議第千二百六十七号等を踏まえ我が国が実施する国際テロリストの財産の凍結等に関する特別措置法
20141127,法律|政令,平成二十六年法律第百二十五号,地方公共団体の議会の議員及び長の選挙期日等の臨時特例に関する法律
20141127,法律|政令,平成二十六年法律第百二十六号,私事性的画像記録の提供等による被害の防止に関する法律
20141127,法律|政令,平成二十六年法律第百二十七号,空家等対策の推進に関する特別措置法
20141128,法律|政令,平成二十六年法律第百三十三号,原子力損害の補完的な補償に関する条約の実施に伴う原子力損害賠償資金の補助等に関する法律
20141128,法律|政令,平成二十六年法律第百三十六号,まち・ひと・しごと創生法
20141128,法律|政令,平成二十六年法律第百三十七号,専門的知識等を有する有期雇用労働者等に関する特別措置法
20150422,法律|政令,平成二十七年法律第十四号,都市農業振興基本法
20150430,法律|政令,平成二十七年法律第十六号,特定防衛調達に係る国庫債務負担行為により支出すべき年限に関する特別措置法
20150520,法律|政令,平成二十七年法律第二十四号,緑の気候基金への拠出及びこれに伴う措置に関する法律
20150603,法律|政令,平成二十七年法律第三十三号,平成三十二年東京オリンピック競技大会・東京パラリンピック競技大会特別措置法
20150603,法律|政令,平成二十七年法律第三十四号,平成三十一年ラグビーワールドカップ大会特別措置法
20150605,法律|政令,平成二十七年法律第三十五号,株式会社海外通信・放送・郵便事業支援機構法
20150619,法律|政令,平成二十七年法律第四十二号,水銀による環境の汚染の防止に関する法律
20150708,法律|政令,平成二十七年法律第五十三号,建築物のエネルギー消費性能の向上に関する法律
20150902,法律|政令,平成二十七年法律第六十二号,矯正医官の兼業の特例等に関する法律
20150904,法律|政令,平成二十七年法律第六十四号,女性の職業生活における活躍の推進に関する法律
20150906,法律|政令,平成二十七年法律第六十九号,労働者の職務に応じた待遇の確保等のための施策の推進に関する法律
20150916,法律|政令,平成二十七年法律第六十八号,公認心理師法
20150928,法律|政令,平成二十七年法律第七十五号,琵琶湖の保全及び再生に関する法律
20150930,法律|政令,平成二十七年法律第七十七号,国際平和共同対処事態に際して我が国が実施する諸外国の軍隊等に対する協力支援活動等に関する法律
20160318,法律|政令,平成二十八年法律第九号,重要施設の周辺地域の上空における小型無人機等の飛行の禁止に関する法律
20160330,法律|政令,平成二十八年法律第十二号,戦没者の遺骨収集の推進に関する法律
20160415,法律|政令,平成二十八年法律第二十九号,成年後見制度の利用の促進に関する法律
20160427,法律|政令,平成二十八年法律第三十三号,有人国境離島地域の保全及び特定有人国境離島地域に係る地域社会の維持に関する特別措置法
20160518,法律|政令,平成二十八年法律第四十三号,特定国立研究開発法人による研究開発等の促進に関する特別措置法
20160520,法律|政令,平成二十八年法律第四十八号,合法伐採木材等の流通及び利用の促進に関する法律
20160603,法律|政令,平成二十八年法律第六十七号,平成二十八年熊本地震災害関連義援金に係る差押禁止等に関する法律
20160603,法律|政令,平成二十八年法律第六十八号,本邦外出身者に対する不当な差別的言動の解消に向けた取組の推進に関する法律
20160607,法律|政令,平成二十八年法律第七十三号,国外犯罪被害弔慰金等の支給に関する法律
20160607,法律|政令,平成二十八年法律第七十四号,真珠の振興に関する法律
20161116,法律|政令,平成二十八年法律第七十六号,人工衛星等の打上げ及び人工衛星の管理に関する法律
20161116,法律|政令,平成二十八年法律第七十七号,衛星リモートセンシング記録の適正な取扱いの確保に関する法律
20161128,法律|政令,平成二十八年法律第八十九号,外国人の技能実習の適正な実施及び技能実習生の保護に関する法律
20161209,法律|政令,平成二十八年法律第百一号,民間公益活動を促進するための休眠預金等に係る資金の活用に関する法律
20161214,法律|政令,平成二十八年法律第百三号,官民データ活用推進基本法
20161214,法律|政令,平成二十八年法律第百四号,再犯の防止等の推進に関する法律
20161214,法律|政令,平成二十八年法律第百五号,義務教育の段階における普通教育に相当する教育の機会の確保等に関する法律
20161216,法律|政令,平成二十八年法律第百九号,部落差別の解消の推進に関する法律
20161216,法律|政令,平成二十八年法律第百十号,民間あっせん機関による養子縁組のあっせんに係る児童の保護等に関する法律
20161216,法律|政令,平成二十八年法律第百十一号,建設工事従事者の安全及び健康の確保の推進に関する法律
20161216,法律|政令,平成二十八年法律第百十二号,無電柱化の推進に関する法律
20161216,法律|政令,平成二十八年法律第百十三号,自転車活用推進法
20161226,法律|政令,平成二十八年法律第百十五号,特定複合観光施設区域の整備の推進に関する法律
20170414,法律|政令,平成二十九年法律第十六号,臨床研究法
20170512,法律|政令,平成二十九年法律第二十八号,医療分野の研究開発に資するための匿名加工医療情報に関する法律
20170519,法律|政令,平成二十九年法律第三十五号,農業競争力強化支援法
20170519,法律|政令,平成二十九年法律第三十四号,平成三十一年六月一日から同月十日までの間に任期が満了することとなる地方公共団体の議会の議員及び長の任期満了による選挙により選出される議会の議員及び長の任期の特例に関する法律
20170616,法律|政令,平成二十九年法律第六十三号,天皇の退位等に関する皇室典範特例法
20170616,法律|政令,平成二十九年法律第六十四号,電子委任状の普及の促進に関する法律
20170616,法律|政令,平成二十九年法律第六十五号,住宅宿泊事業法
20170623,法律|政令,平成二十九年法律第七十六号,商業捕鯨の実施等のための鯨類科学調査の実施に関する法律
20180418,法律|政令,平成三十年法律第十六号,国際観光旅客税法
20180420,法律|政令,平成三十年法律第十八号,東日本大震災における原子力発電所の事故による災害に対処するための避難住民に係る事務処理の特例及び住所移転者に係る措置に関する法律に規定する指定都道府県の議会の議員の選挙区に関する臨時特例法
20180523,法律|政令,平成三十年法律第二十五号,生産性向上特別措置法
20180523,法律|政令,平成三十年法律第二十八号,政治分野における男女共同参画の推進に関する法律
20180601,法律|政令,平成三十年法律第三十五号,森林経営管理法
20180601,法律|政令,平成三十年法律第三十七号,地域における大学の振興及び若者の雇用機会の創出による若者の修学及び就業の促進に関する法律
20180601,法律|政令,平成三十年法律第四十号,海外社会資本事業への我が国事業者の参入の促進に関する法律
20180613,法律|政令,平成三十年法律第四十九号,所有者不明土地の利用の円滑化等に関する特別措置法
20180613,法律|政令,平成三十年法律第五十号,気候変動適応法
20180613,法律|政令,平成三十年法律第四十七号,障害者による文化芸術活動の推進に関する法律
20180613,法律|政令,平成三十年法律第四十八号,国際文化交流の祭典の実施の推進に関する法律
20180620,法律|政令,平成三十年法律第六十一号,船舶の再資源化解体の適正な実施に関する法律
20180620,法律|政令,平成三十年法律第五十八号,スポーツにおけるドーピングの防止活動の推進に関する法律
20180627,法律|政令,平成三十年法律第六十八号,都市農地の貸借の円滑化に関する法律
20180713,法律|政令,平成三十年法律第七十三号,法務局における遺言書の保管等に関する法律
20180713,法律|政令,平成三十年法律第七十四号,ギャンブル等依存症対策基本法
20180727,法律|政令,平成三十年法律第八十号,特定複合観光施設区域整備法
20180727,法律|政令,平成三十年法律第八十一号,平成三十年特定災害関連義援金に係る差押禁止等に関する法律
20181207,法律|政令,平成三十年法律第八十九号,海洋再生可能エネルギー発電設備の整備に係る海域の利用の促進に関する法律
20181214,法律|政令,平成三十年法律第九十九号,天皇の即位の日及び即位礼正殿の儀の行われる日を休日とする法律
20181214,法律|政令,平成三十年法律第百一号,地方公共団体の議会の議員及び長の任期満了による選挙等の期日等の臨時特例に関する法律
20181214,法律|政令,平成三十年法律第百号,ユニバーサル社会の実現に向けた諸施策の総合的かつ一体的な推進に関する法律
20181214,法律|政令,平成三十年法律第百三号,特定興行入場券の不正転売の禁止等による興行入場券の適正な流通の確保に関する法律
20181214,法律|政令,平成三十年法律第百四号,成育過程にある者及びその保護者並びに妊産婦に対し必要な成育医療等を切れ目なく提供するための施策の総合的な推進に関する法律
20181214,法律|政令,平成三十年法律第百五号,健康寿命の延伸等を図るための脳卒中、心臓病その他の循環器病に係る対策に関する基本法
20190214,法律|政令,平成三十一年法律第一号,平成三十年度分として交付すべき地方交付税の総額の特例に関する法律
20190329,法律|政令,平成三十一年法律第三号,森林環境税及び森林環境譲与税に関する法律
20190329,法律|政令,平成三十一年法律第四号,特別法人事業税及び特別法人事業譲与税に関する法律
20190424,法律|政令,平成三十一年法律第十四号,旧優生保護法に基づく優生手術等を受けた者に対する一時金の支給等に関する法律
20190426,法律|政令,平成三十一年法律第十六号,アイヌの人々の誇りが尊重される社会を実現するための施策の推進に関する法律
20190426,法律|政令,平成三十一年法律第十七号,農業用ため池の管理及び保全に関する法律
20190426,法律|政令,平成三十一年法律第十八号,平成三十七年に開催される国際博覧会の準備及び運営のために必要な特別措置に関する法律
20190517,法律|政令,令和元年法律第八号,大学等における修学の支援に関する法律
20190524,法律|政令,令和元年法律第十五号,表題部所有者不明土地の登記及び管理の適正化に関する法律
20190531,法律|政令,令和元年法律第十九号,食品ロスの削減の推進に関する法律
20190612,法律|政令,令和元年法律第三十二号,自殺対策の総合的かつ効果的な実施に資するための調査研究及びその成果の活用等の推進に関する法律
20190612,法律|政令,令和元年法律第三十三号,死因究明等推進基本法
20190619,法律|政令,令和元年法律第四十二号,棚田地域振興法
20190628,法律|政令,令和元年法律第四十七号,学校教育の情報化の推進に関する法律
20190628,法律|政令,令和元年法律第四十八号,日本語教育の推進に関する法律
20190628,法律|政令,令和元年法律第四十九号,視覚障害者等の読書環境の整備の推進に関する法律
20190628,法律|政令,令和元年法律第五十号,愛玩動物看護師法
20191122,法律|政令,令和元年法律第五十五号,ハンセン病元患者家族に対する補償金の支給等に関する法律
20191127,法律|政令,令和元年法律第五十七号,農林水産物及び食品の輸出の促進に関する法律
20191204,法律|政令,令和元年法律第六十四号,地域人口の急減に対処するための特定地域づくり事業の推進に関する法律
20191213,法律|政令,令和元年法律第七十四号,令和元年特定災害関連義援金に係る差押禁止等に関する法律
20200205,法律|政令,令和二年法律第三号,平成三十年度歳入歳出の決算上の剰余金の処理の特例に関する法律
20200417,法律|政令,令和二年法律第十八号,文化観光拠点施設を中核とした地域における文化観光の推進に関する法律
20200430,法律|政令,令和二年法律第二十五号,新型コロナウイルス感染症等の影響に対応するための国税関係法律の臨時特例に関する法律
20200430,法律|政令,令和二年法律第二十七号,令和二年度特別定額給付金等に係る差押禁止等に関する法律
